[
{
    "pk": 1,
    "fields": {
        "style": 2,
        "name": "Boeing 777",
        "manufacture": "2016-08-01",
        "seat": 300
    },
    "model": "myfly.planetype"
},
{
    "pk": 2,
    "fields": {
        "style": 1,
        "name": "Airbus A300",
        "manufacture": "2016-11-01",
        "seat": 250
    },
    "model": "myfly.planetype"
},
{
    "pk": 3,
    "fields": {
        "style": 2,
        "name": "\u041a\u0443\u043a\u0443\u0440\u0443\u0437\u043d\u0438\u043a",
        "manufacture": "2016-04-03",
        "seat": 5
    },
    "model": "myfly.planetype"
},
{
    "pk": 4,
    "fields": {
        "style": 3,
        "name": "myFlyer",
        "manufacture": "2017-01-01",
        "seat": 500
    },
    "model": "myfly.planetype"
},
{
    "pk": 5,
    "fields": {
        "style": 1,
        "name": "BigFly 500",
        "manufacture": "2016-11-14",
        "seat": 500
    },
    "model": "myfly.planetype"
},
{
    "pk": 6,
    "fields": {
        "style": 4,
        "name": "\u0411\u043e\u043c\u0431\u0430\u0440\u0434\u0438\u0440\u043e\u0432\u0449\u0438\u043a X2000",
        "manufacture": "2016-11-14",
        "seat": 500
    },
    "model": "myfly.planetype"
},
{
    "pk": 1,
    "fields": {
        "plane_type": 4,
        "last_refit": "2017-01-01",
        "fly_col": 250,
        "purchase": "2016-11-02",
        "reg_numb": "225sdf"
    },
    "model": "myfly.plane"
},
{
    "pk": 2,
    "fields": {
        "plane_type": 3,
        "last_refit": "2017-01-31",
        "fly_col": 658,
        "purchase": "2016-11-15",
        "reg_numb": "655465"
    },
    "model": "myfly.plane"
},
{
    "pk": 3,
    "fields": {
        "plane_type": 2,
        "last_refit": "2017-01-31",
        "fly_col": 2,
        "purchase": "2017-01-31",
        "reg_numb": "457208"
    },
    "model": "myfly.plane"
},
{
    "pk": 4,
    "fields": {
        "plane_type": 3,
        "last_refit": "2017-01-16",
        "fly_col": 577,
        "purchase": "2016-12-05",
        "reg_numb": "452127"
    },
    "model": "myfly.plane"
},
{
    "pk": 5,
    "fields": {
        "plane_type": 1,
        "last_refit": "2017-01-16",
        "fly_col": 520,
        "purchase": "2016-11-08",
        "reg_numb": "464120"
    },
    "model": "myfly.plane"
},
{
    "pk": 6,
    "fields": {
        "plane_type": 2,
        "last_refit": "2016-12-04",
        "fly_col": 453,
        "purchase": "2016-12-11",
        "reg_numb": "763142"
    },
    "model": "myfly.plane"
},
{
    "pk": 7,
    "fields": {
        "plane_type": 5,
        "last_refit": null,
        "fly_col": null,
        "purchase": "2016-01-16",
        "reg_numb": "127567"
    },
    "model": "myfly.plane"
},
{
    "pk": 8,
    "fields": {
        "plane_type": 3,
        "last_refit": "2016-12-11",
        "fly_col": 25,
        "purchase": "2016-12-19",
        "reg_numb": "378527"
    },
    "model": "myfly.plane"
},
{
    "pk": 9,
    "fields": {
        "plane_type": 4,
        "last_refit": null,
        "fly_col": null,
        "purchase": "1992-10-25",
        "reg_numb": "1997"
    },
    "model": "myfly.plane"
},
{
    "pk": 10,
    "fields": {
        "plane_type": 5,
        "last_refit": null,
        "fly_col": 2557,
        "purchase": "1993-10-10",
        "reg_numb": "101245"
    },
    "model": "myfly.plane"
},
{
    "pk": 11,
    "fields": {
        "time": "2017-02-25T15:12:17Z",
        "airport_in": 22,
        "airport_out": 12,
        "plane": 1,
        "number": "1",
        "name": "1"
    },
    "model": "myfly.route"
},
{
    "pk": 12,
    "fields": {
        "time": "2017-02-28T15:12:31Z",
        "airport_in": 25,
        "airport_out": 13,
        "plane": 2,
        "number": "2",
        "name": "2"
    },
    "model": "myfly.route"
},
{
    "pk": 13,
    "fields": {
        "time": "2017-02-23T15:12:45Z",
        "airport_in": 12,
        "airport_out": 24,
        "plane": 3,
        "number": "3",
        "name": "3"
    },
    "model": "myfly.route"
},
{
    "pk": 12,
    "fields": {
        "name": "\u0428\u0435\u0440\u0435\u043c\u0435\u0442\u044c\u0435\u0432\u043e",
        "code": "",
        "international": true,
        "city": 35
    },
    "model": "myfly.airport"
},
{
    "pk": 13,
    "fields": {
        "name": "\u0414\u043e\u043c\u043e\u0434\u0435\u0434\u043e\u0432\u043e",
        "code": "",
        "international": true,
        "city": 35
    },
    "model": "myfly.airport"
},
{
    "pk": 14,
    "fields": {
        "name": "\u0412\u043d\u0443\u043a\u043e\u0432\u043e",
        "code": "",
        "international": true,
        "city": 35
    },
    "model": "myfly.airport"
},
{
    "pk": 15,
    "fields": {
        "name": "\u041f\u0443\u043b\u043a\u043e\u0432\u043e",
        "code": "",
        "international": true,
        "city": 36
    },
    "model": "myfly.airport"
},
{
    "pk": 16,
    "fields": {
        "name": "\u0412\u0430\u0441\u044c\u043a\u043e\u0432\u043e",
        "code": "",
        "international": true,
        "city": 37
    },
    "model": "myfly.airport"
},
{
    "pk": 17,
    "fields": {
        "name": "\u0422\u0430\u043b\u0430\u0433\u0438",
        "code": "",
        "international": true,
        "city": 37
    },
    "model": "myfly.airport"
},
{
    "pk": 18,
    "fields": {
        "name": "\u041a\u043e\u043b\u044c\u0446\u043e\u0432\u043e",
        "code": "",
        "international": true,
        "city": 38
    },
    "model": "myfly.airport"
},
{
    "pk": 19,
    "fields": {
        "name": "\u0423\u043a\u0442\u0443\u0441",
        "code": "",
        "international": false,
        "city": 38
    },
    "model": "myfly.airport"
},
{
    "pk": 20,
    "fields": {
        "name": "\u0410\u0431\u0443-\u0414\u0430\u0431\u0438",
        "code": "",
        "international": true,
        "city": 39
    },
    "model": "myfly.airport"
},
{
    "pk": 21,
    "fields": {
        "name": "\u0410\u043b\u044c-\u0411\u0430\u0442\u0438\u043d",
        "code": "",
        "international": true,
        "city": 39
    },
    "model": "myfly.airport"
},
{
    "pk": 22,
    "fields": {
        "name": "\u042f\u0441-\u0410\u043b\u0435\u043d\u0434",
        "code": "",
        "international": true,
        "city": 39
    },
    "model": "myfly.airport"
},
{
    "pk": 23,
    "fields": {
        "name": "\u0410\u043b\u044c-\u0414\u0445\u0430\u0444\u0440",
        "code": "",
        "international": true,
        "city": 39
    },
    "model": "myfly.airport"
},
{
    "pk": 24,
    "fields": {
        "name": "\u0414\u0443\u0431\u0430\u0439",
        "code": "",
        "international": true,
        "city": 40
    },
    "model": "myfly.airport"
},
{
    "pk": 25,
    "fields": {
        "name": "\u0414\u0443\u0431\u0430\u0439-\u041a\u0440\u0438\u043a",
        "code": "",
        "international": true,
        "city": 40
    },
    "model": "myfly.airport"
},
{
    "pk": 26,
    "fields": {
        "name": "\u0410\u043b\u044c-\u041c\u0430\u043a\u0442\u0443\u043c",
        "code": "",
        "international": true,
        "city": 40
    },
    "model": "myfly.airport"
},
{
    "pk": 27,
    "fields": {
        "name": "\u0414\u0436\u0435\u0431\u0435\u043b\u044c-\u0410\u043b\u0438",
        "code": "",
        "international": true,
        "city": 40
    },
    "model": "myfly.airport"
},
{
    "pk": 28,
    "fields": {
        "name": "\u0425\u0430\u0440\u0442\u0441\u0444\u0438\u043b\u0434-\u0414\u0436\u0435\u043a\u0441\u043e\u043d",
        "code": "",
        "international": true,
        "city": 41
    },
    "model": "myfly.airport"
},
{
    "pk": 29,
    "fields": {
        "name": "\u0414\u0435\u041a\u0430\u043b\u0431-\u041f\u0438\u0447\u0442\u0440\u0438",
        "code": "",
        "international": true,
        "city": 41
    },
    "model": "myfly.airport"
},
{
    "pk": 30,
    "fields": {
        "name": "\u0424\u0443\u043b\u0442\u043e\u043d \u041a\u0430\u0443\u043d\u0442\u0438",
        "code": "",
        "international": true,
        "city": 41
    },
    "model": "myfly.airport"
},
{
    "pk": 31,
    "fields": {
        "name": "\u041b\u043e\u0433\u0430\u043d",
        "code": "",
        "international": false,
        "city": 42
    },
    "model": "myfly.airport"
},
{
    "pk": 35,
    "fields": {
        "name": "\u041c\u043e\u0441\u043a\u0432\u0430",
        "country": 14
    },
    "model": "myfly.city"
},
{
    "pk": 36,
    "fields": {
        "name": "\u0421\u0430\u043d\u043a\u0442-\u041f\u0435\u0442\u0435\u0440\u0431\u0443\u0440\u0433",
        "country": 14
    },
    "model": "myfly.city"
},
{
    "pk": 37,
    "fields": {
        "name": "\u0410\u0440\u0445\u0430\u043d\u0433\u0435\u043b\u044c\u0441\u043a",
        "country": 14
    },
    "model": "myfly.city"
},
{
    "pk": 38,
    "fields": {
        "name": "\u0415\u043a\u0430\u0442\u0435\u0440\u0438\u043d\u0431\u0443\u0440\u0433",
        "country": 14
    },
    "model": "myfly.city"
},
{
    "pk": 39,
    "fields": {
        "name": "\u0410\u0431\u0443-\u0414\u0430\u0431\u0438",
        "country": 15
    },
    "model": "myfly.city"
},
{
    "pk": 40,
    "fields": {
        "name": "\u0414\u0443\u0431\u0430\u0439",
        "country": 15
    },
    "model": "myfly.city"
},
{
    "pk": 41,
    "fields": {
        "name": "\u0410\u0442\u043b\u0430\u043d\u0442\u0430",
        "country": 16
    },
    "model": "myfly.city"
},
{
    "pk": 42,
    "fields": {
        "name": "\u0411\u043e\u0441\u0442\u043e\u043d",
        "country": 16
    },
    "model": "myfly.city"
},
{
    "pk": 14,
    "fields": {
        "name": "\u0420\u043e\u0441\u0441\u0438\u044f"
    },
    "model": "myfly.country"
},
{
    "pk": 15,
    "fields": {
        "name": "\u041e\u0410\u042d"
    },
    "model": "myfly.country"
},
{
    "pk": 16,
    "fields": {
        "name": "\u0421\u0428\u0410"
    },
    "model": "myfly.country"
}
]
