[
{
    "model": "myfly.planetype",
    "pk": 1,
    "fields": {
        "seat": 300,
        "style": 2,
        "manufacture": "2016-08-01",
        "name": "Boeing 777"
    }
},
{
    "model": "myfly.planetype",
    "pk": 2,
    "fields": {
        "seat": 250,
        "style": 1,
        "manufacture": "2016-11-01",
        "name": "Airbus A300"
    }
},
{
    "model": "myfly.planetype",
    "pk": 3,
    "fields": {
        "seat": 5,
        "style": 2,
        "manufacture": "2016-04-03",
        "name": "\u041a\u0443\u043a\u0443\u0440\u0443\u0437\u043d\u0438\u043a"
    }
},
{
    "model": "myfly.planetype",
    "pk": 4,
    "fields": {
        "seat": 500,
        "style": 3,
        "manufacture": "2017-01-01",
        "name": "myFlyer"
    }
},
{
    "model": "myfly.planetype",
    "pk": 5,
    "fields": {
        "seat": 500,
        "style": 1,
        "manufacture": "2016-11-14",
        "name": "BigFly 500"
    }
},
{
    "model": "myfly.planetype",
    "pk": 6,
    "fields": {
        "seat": 500,
        "style": 4,
        "manufacture": "2016-11-14",
        "name": "\u0411\u043e\u043c\u0431\u0430\u0440\u0434\u0438\u0440\u043e\u0432\u0449\u0438\u043a X2000"
    }
},
{
    "model": "myfly.plane",
    "pk": 1,
    "fields": {
        "plane_type": 4,
        "reg_numb": "225sdf",
        "purchase": "2016-11-02",
        "fly_col": 250,
        "last_refit": "2017-01-01"
    }
},
{
    "model": "myfly.plane",
    "pk": 2,
    "fields": {
        "plane_type": 3,
        "reg_numb": "655465",
        "purchase": "2016-11-15",
        "fly_col": 658,
        "last_refit": "2017-01-31"
    }
},
{
    "model": "myfly.plane",
    "pk": 3,
    "fields": {
        "plane_type": 2,
        "reg_numb": "457208",
        "purchase": "2017-01-31",
        "fly_col": 2,
        "last_refit": "2017-01-31"
    }
},
{
    "model": "myfly.plane",
    "pk": 4,
    "fields": {
        "plane_type": 3,
        "reg_numb": "452127",
        "purchase": "2016-12-05",
        "fly_col": 577,
        "last_refit": "2017-01-16"
    }
},
{
    "model": "myfly.plane",
    "pk": 5,
    "fields": {
        "plane_type": 1,
        "reg_numb": "464120",
        "purchase": "2016-11-08",
        "fly_col": 520,
        "last_refit": "2017-01-16"
    }
},
{
    "model": "myfly.plane",
    "pk": 6,
    "fields": {
        "plane_type": 2,
        "reg_numb": "763142",
        "purchase": "2016-12-11",
        "fly_col": 453,
        "last_refit": "2016-12-04"
    }
},
{
    "model": "myfly.plane",
    "pk": 7,
    "fields": {
        "plane_type": 5,
        "reg_numb": "127567",
        "purchase": "2016-01-16",
        "fly_col": null,
        "last_refit": null
    }
},
{
    "model": "myfly.plane",
    "pk": 8,
    "fields": {
        "plane_type": 3,
        "reg_numb": "378527",
        "purchase": "2016-12-19",
        "fly_col": 25,
        "last_refit": "2016-12-11"
    }
},
{
    "model": "myfly.plane",
    "pk": 9,
    "fields": {
        "plane_type": 4,
        "reg_numb": "1997",
        "purchase": "1992-10-25",
        "fly_col": null,
        "last_refit": null
    }
},
{
    "model": "myfly.plane",
    "pk": 10,
    "fields": {
        "plane_type": 5,
        "reg_numb": "101245",
        "purchase": "1993-10-10",
        "fly_col": 2557,
        "last_refit": null
    }
},
{
    "model": "myfly.route",
    "pk": 11,
    "fields": {
        "number": "1",
        "airport_in": 22,
        "name": "1",
        "plane": 1,
        "time": "2017-02-25T15:12:17Z",
        "airport_out": 12
    }
},
{
    "model": "myfly.route",
    "pk": 12,
    "fields": {
        "number": "2",
        "airport_in": 25,
        "name": "2",
        "plane": 2,
        "time": "2017-02-28T15:12:31Z",
        "airport_out": 13
    }
},
{
    "model": "myfly.route",
    "pk": 13,
    "fields": {
        "number": "3",
        "airport_in": 12,
        "name": "3",
        "plane": 3,
        "time": "2017-02-23T15:12:45Z",
        "airport_out": 24
    }
},
{
    "model": "myfly.route",
    "pk": 14,
    "fields": {
        "number": "4",
        "airport_in": 31,
        "name": "4",
        "plane": 6,
        "time": "2017-03-31T09:23:30Z",
        "airport_out": 12
    }
},
{
    "model": "myfly.route",
    "pk": 15,
    "fields": {
        "number": "5",
        "airport_in": 25,
        "name": "5",
        "plane": 1,
        "time": "2017-03-10T09:23:49Z",
        "airport_out": 15
    }
},
{
    "model": "myfly.route",
    "pk": 16,
    "fields": {
        "number": "6",
        "airport_in": 14,
        "name": "6",
        "plane": 7,
        "time": "2017-04-14T09:24:05Z",
        "airport_out": 25
    }
},
{
    "model": "myfly.route",
    "pk": 17,
    "fields": {
        "number": "7",
        "airport_in": 29,
        "name": "7",
        "plane": 5,
        "time": "2017-03-17T09:24:23Z",
        "airport_out": 18
    }
},
{
    "model": "myfly.route",
    "pk": 18,
    "fields": {
        "number": "8",
        "airport_in": 14,
        "name": "8",
        "plane": 10,
        "time": "2017-04-19T09:24:44Z",
        "airport_out": 28
    }
},
{
    "model": "myfly.route",
    "pk": 19,
    "fields": {
        "number": "9",
        "airport_in": 27,
        "name": "9",
        "plane": 6,
        "time": "2017-05-18T09:25:00Z",
        "airport_out": 13
    }
},
{
    "model": "myfly.route",
    "pk": 20,
    "fields": {
        "number": "10",
        "airport_in": 14,
        "name": "10",
        "plane": 4,
        "time": "2017-05-20T09:26:16Z",
        "airport_out": 21
    }
},
{
    "model": "myfly.route",
    "pk": 21,
    "fields": {
        "number": "11",
        "airport_in": 15,
        "name": "11",
        "plane": 4,
        "time": "2017-05-26T09:26:32Z",
        "airport_out": 28
    }
},
{
    "model": "myfly.route",
    "pk": 22,
    "fields": {
        "number": "12",
        "airport_in": 12,
        "name": "12",
        "plane": 7,
        "time": "2017-06-23T09:26:55Z",
        "airport_out": 28
    }
},
{
    "model": "myfly.airport",
    "pk": 12,
    "fields": {
        "city": 35,
        "international": true,
        "code": "",
        "name": "\u0428\u0435\u0440\u0435\u043c\u0435\u0442\u044c\u0435\u0432\u043e"
    }
},
{
    "model": "myfly.airport",
    "pk": 13,
    "fields": {
        "city": 35,
        "international": true,
        "code": "",
        "name": "\u0414\u043e\u043c\u043e\u0434\u0435\u0434\u043e\u0432\u043e"
    }
},
{
    "model": "myfly.airport",
    "pk": 14,
    "fields": {
        "city": 35,
        "international": true,
        "code": "",
        "name": "\u0412\u043d\u0443\u043a\u043e\u0432\u043e"
    }
},
{
    "model": "myfly.airport",
    "pk": 15,
    "fields": {
        "city": 36,
        "international": true,
        "code": "",
        "name": "\u041f\u0443\u043b\u043a\u043e\u0432\u043e"
    }
},
{
    "model": "myfly.airport",
    "pk": 16,
    "fields": {
        "city": 37,
        "international": true,
        "code": "",
        "name": "\u0412\u0430\u0441\u044c\u043a\u043e\u0432\u043e"
    }
},
{
    "model": "myfly.airport",
    "pk": 17,
    "fields": {
        "city": 37,
        "international": true,
        "code": "",
        "name": "\u0422\u0430\u043b\u0430\u0433\u0438"
    }
},
{
    "model": "myfly.airport",
    "pk": 18,
    "fields": {
        "city": 38,
        "international": true,
        "code": "",
        "name": "\u041a\u043e\u043b\u044c\u0446\u043e\u0432\u043e"
    }
},
{
    "model": "myfly.airport",
    "pk": 19,
    "fields": {
        "city": 38,
        "international": false,
        "code": "",
        "name": "\u0423\u043a\u0442\u0443\u0441"
    }
},
{
    "model": "myfly.airport",
    "pk": 20,
    "fields": {
        "city": 39,
        "international": true,
        "code": "",
        "name": "\u0410\u0431\u0443-\u0414\u0430\u0431\u0438"
    }
},
{
    "model": "myfly.airport",
    "pk": 21,
    "fields": {
        "city": 39,
        "international": true,
        "code": "",
        "name": "\u0410\u043b\u044c-\u0411\u0430\u0442\u0438\u043d"
    }
},
{
    "model": "myfly.airport",
    "pk": 22,
    "fields": {
        "city": 39,
        "international": true,
        "code": "",
        "name": "\u042f\u0441-\u0410\u043b\u0435\u043d\u0434"
    }
},
{
    "model": "myfly.airport",
    "pk": 23,
    "fields": {
        "city": 39,
        "international": true,
        "code": "",
        "name": "\u0410\u043b\u044c-\u0414\u0445\u0430\u0444\u0440"
    }
},
{
    "model": "myfly.airport",
    "pk": 24,
    "fields": {
        "city": 40,
        "international": true,
        "code": "",
        "name": "\u0414\u0443\u0431\u0430\u0439"
    }
},
{
    "model": "myfly.airport",
    "pk": 25,
    "fields": {
        "city": 40,
        "international": true,
        "code": "",
        "name": "\u0414\u0443\u0431\u0430\u0439-\u041a\u0440\u0438\u043a"
    }
},
{
    "model": "myfly.airport",
    "pk": 26,
    "fields": {
        "city": 40,
        "international": true,
        "code": "",
        "name": "\u0410\u043b\u044c-\u041c\u0430\u043a\u0442\u0443\u043c"
    }
},
{
    "model": "myfly.airport",
    "pk": 27,
    "fields": {
        "city": 40,
        "international": true,
        "code": "",
        "name": "\u0414\u0436\u0435\u0431\u0435\u043b\u044c-\u0410\u043b\u0438"
    }
},
{
    "model": "myfly.airport",
    "pk": 28,
    "fields": {
        "city": 41,
        "international": true,
        "code": "",
        "name": "\u0425\u0430\u0440\u0442\u0441\u0444\u0438\u043b\u0434-\u0414\u0436\u0435\u043a\u0441\u043e\u043d"
    }
},
{
    "model": "myfly.airport",
    "pk": 29,
    "fields": {
        "city": 41,
        "international": true,
        "code": "",
        "name": "\u0414\u0435\u041a\u0430\u043b\u0431-\u041f\u0438\u0447\u0442\u0440\u0438"
    }
},
{
    "model": "myfly.airport",
    "pk": 30,
    "fields": {
        "city": 41,
        "international": true,
        "code": "",
        "name": "\u0424\u0443\u043b\u0442\u043e\u043d \u041a\u0430\u0443\u043d\u0442\u0438"
    }
},
{
    "model": "myfly.airport",
    "pk": 31,
    "fields": {
        "city": 42,
        "international": false,
        "code": "",
        "name": "\u041b\u043e\u0433\u0430\u043d"
    }
},
{
    "model": "myfly.city",
    "pk": 35,
    "fields": {
        "country": 14,
        "name": "\u041c\u043e\u0441\u043a\u0432\u0430"
    }
},
{
    "model": "myfly.city",
    "pk": 36,
    "fields": {
        "country": 14,
        "name": "\u0421\u0430\u043d\u043a\u0442-\u041f\u0435\u0442\u0435\u0440\u0431\u0443\u0440\u0433"
    }
},
{
    "model": "myfly.city",
    "pk": 37,
    "fields": {
        "country": 14,
        "name": "\u0410\u0440\u0445\u0430\u043d\u0433\u0435\u043b\u044c\u0441\u043a"
    }
},
{
    "model": "myfly.city",
    "pk": 38,
    "fields": {
        "country": 14,
        "name": "\u0415\u043a\u0430\u0442\u0435\u0440\u0438\u043d\u0431\u0443\u0440\u0433"
    }
},
{
    "model": "myfly.city",
    "pk": 39,
    "fields": {
        "country": 15,
        "name": "\u0410\u0431\u0443-\u0414\u0430\u0431\u0438"
    }
},
{
    "model": "myfly.city",
    "pk": 40,
    "fields": {
        "country": 15,
        "name": "\u0414\u0443\u0431\u0430\u0439"
    }
},
{
    "model": "myfly.city",
    "pk": 41,
    "fields": {
        "country": 16,
        "name": "\u0410\u0442\u043b\u0430\u043d\u0442\u0430"
    }
},
{
    "model": "myfly.city",
    "pk": 42,
    "fields": {
        "country": 16,
        "name": "\u0411\u043e\u0441\u0442\u043e\u043d"
    }
},
{
    "model": "myfly.country",
    "pk": 14,
    "fields": {
        "name": "\u0420\u043e\u0441\u0441\u0438\u044f"
    }
},
{
    "model": "myfly.country",
    "pk": 15,
    "fields": {
        "name": "\u041e\u0410\u042d"
    }
},
{
    "model": "myfly.country",
    "pk": 16,
    "fields": {
        "name": "\u0421\u0428\u0410"
    }
}
]
