[
{
    "pk": 1,
    "fields": {
        "model": "logentry",
        "app_label": "admin"
    },
    "model": "contenttypes.contenttype"
},
{
    "pk": 2,
    "fields": {
        "model": "permission",
        "app_label": "auth"
    },
    "model": "contenttypes.contenttype"
},
{
    "pk": 3,
    "fields": {
        "model": "group",
        "app_label": "auth"
    },
    "model": "contenttypes.contenttype"
},
{
    "pk": 4,
    "fields": {
        "model": "user",
        "app_label": "auth"
    },
    "model": "contenttypes.contenttype"
},
{
    "pk": 5,
    "fields": {
        "model": "contenttype",
        "app_label": "contenttypes"
    },
    "model": "contenttypes.contenttype"
},
{
    "pk": 6,
    "fields": {
        "model": "session",
        "app_label": "sessions"
    },
    "model": "contenttypes.contenttype"
},
{
    "pk": 7,
    "fields": {
        "model": "post",
        "app_label": "blog"
    },
    "model": "contenttypes.contenttype"
},
{
    "pk": 13,
    "fields": {
        "model": "planetype",
        "app_label": "myfly"
    },
    "model": "contenttypes.contenttype"
},
{
    "pk": 14,
    "fields": {
        "model": "plane",
        "app_label": "myfly"
    },
    "model": "contenttypes.contenttype"
},
{
    "pk": 15,
    "fields": {
        "model": "route",
        "app_label": "myfly"
    },
    "model": "contenttypes.contenttype"
},
{
    "pk": 16,
    "fields": {
        "model": "airport",
        "app_label": "myfly"
    },
    "model": "contenttypes.contenttype"
},
{
    "pk": 17,
    "fields": {
        "model": "city",
        "app_label": "myfly"
    },
    "model": "contenttypes.contenttype"
},
{
    "pk": 18,
    "fields": {
        "model": "country",
        "app_label": "myfly"
    },
    "model": "contenttypes.contenttype"
},
{
    "pk": "2fm8ib50maq5f83oedug4138gljc99g0",
    "fields": {
        "session_data": "NGE5NjM3NmUwNGQyZGJhM2RlNDgxMWYyNzYxOTExMTZhNTY3NjQzYTp7Il9hdXRoX3VzZXJfaGFzaCI6IjFiN2EzNTRmZWExMmMxNTZhNjExYTM5ZGFmYzM2Y2QxZDk2NzdiODAiLCJfYXV0aF91c2VyX2lkIjoiMSIsIl9hdXRoX3VzZXJfYmFja2VuZCI6ImRqYW5nby5jb250cmliLmF1dGguYmFja2VuZHMuTW9kZWxCYWNrZW5kIn0=",
        "expire_date": "2017-02-13T15:55:51.335Z"
    },
    "model": "sessions.session"
},
{
    "pk": "c1e3deptyw3kst8qp1kilnliqr7yqgtw",
    "fields": {
        "session_data": "NWRlMGY4NGJkMzRhOGZiYjc4NDdhNWQ2ZWNkNmEwMTQ5N2E4MGQyZDp7Il9hdXRoX3VzZXJfaWQiOiIxIiwiX2F1dGhfdXNlcl9iYWNrZW5kIjoiZGphbmdvLmNvbnRyaWIuYXV0aC5iYWNrZW5kcy5Nb2RlbEJhY2tlbmQiLCJfYXV0aF91c2VyX2hhc2giOiIxYjdhMzU0ZmVhMTJjMTU2YTYxMWEzOWRhZmMzNmNkMWQ5Njc3YjgwIn0=",
        "expire_date": "2017-02-01T12:30:51.958Z"
    },
    "model": "sessions.session"
},
{
    "pk": "ht2uzjwmq52xbdz7i0yv9iuufq4r0q4j",
    "fields": {
        "session_data": "NGE5NjM3NmUwNGQyZGJhM2RlNDgxMWYyNzYxOTExMTZhNTY3NjQzYTp7Il9hdXRoX3VzZXJfaGFzaCI6IjFiN2EzNTRmZWExMmMxNTZhNjExYTM5ZGFmYzM2Y2QxZDk2NzdiODAiLCJfYXV0aF91c2VyX2lkIjoiMSIsIl9hdXRoX3VzZXJfYmFja2VuZCI6ImRqYW5nby5jb250cmliLmF1dGguYmFja2VuZHMuTW9kZWxCYWNrZW5kIn0=",
        "expire_date": "2017-01-26T11:15:59.681Z"
    },
    "model": "sessions.session"
},
{
    "pk": "nhw7usfjh70w4o6fsrswf4x2ywy4fhed",
    "fields": {
        "session_data": "Mzk2MWMxOTkyYWE2NzZmMDgyMGQxMWVlYTQ4ZDY0N2Q1ZTBmNTg4YTp7Il9hdXRoX3VzZXJfYmFja2VuZCI6ImRqYW5nby5jb250cmliLmF1dGguYmFja2VuZHMuTW9kZWxCYWNrZW5kIiwiX2F1dGhfdXNlcl9pZCI6IjEiLCJfYXV0aF91c2VyX2hhc2giOiIxYjdhMzU0ZmVhMTJjMTU2YTYxMWEzOWRhZmMzNmNkMWQ5Njc3YjgwIn0=",
        "expire_date": "2017-03-08T14:18:07.045Z"
    },
    "model": "sessions.session"
},
{
    "pk": "quiu4zoi9j8iqz92p6g311pfxr09w4g2",
    "fields": {
        "session_data": "Mzk2MWMxOTkyYWE2NzZmMDgyMGQxMWVlYTQ4ZDY0N2Q1ZTBmNTg4YTp7Il9hdXRoX3VzZXJfYmFja2VuZCI6ImRqYW5nby5jb250cmliLmF1dGguYmFja2VuZHMuTW9kZWxCYWNrZW5kIiwiX2F1dGhfdXNlcl9pZCI6IjEiLCJfYXV0aF91c2VyX2hhc2giOiIxYjdhMzU0ZmVhMTJjMTU2YTYxMWEzOWRhZmMzNmNkMWQ5Njc3YjgwIn0=",
        "expire_date": "2017-02-27T11:59:43.743Z"
    },
    "model": "sessions.session"
},
{
    "pk": "ux481hm3do5hu579hc59aawpipy9yip8",
    "fields": {
        "session_data": "NWRlMGY4NGJkMzRhOGZiYjc4NDdhNWQ2ZWNkNmEwMTQ5N2E4MGQyZDp7Il9hdXRoX3VzZXJfaWQiOiIxIiwiX2F1dGhfdXNlcl9iYWNrZW5kIjoiZGphbmdvLmNvbnRyaWIuYXV0aC5iYWNrZW5kcy5Nb2RlbEJhY2tlbmQiLCJfYXV0aF91c2VyX2hhc2giOiIxYjdhMzU0ZmVhMTJjMTU2YTYxMWEzOWRhZmMzNmNkMWQ5Njc3YjgwIn0=",
        "expire_date": "2017-02-16T10:53:08.615Z"
    },
    "model": "sessions.session"
},
{
    "pk": 1,
    "fields": {
        "name": "Boeing 777",
        "seat": 300,
        "manufacture": "2016-08-01",
        "style": 2
    },
    "model": "myfly.planetype"
},
{
    "pk": 2,
    "fields": {
        "name": "Airbus A300",
        "seat": 250,
        "manufacture": "2016-11-01",
        "style": 1
    },
    "model": "myfly.planetype"
},
{
    "pk": 3,
    "fields": {
        "name": "\u041a\u0443\u043a\u0443\u0440\u0443\u0437\u043d\u0438\u043a",
        "seat": 5,
        "manufacture": "2016-04-03",
        "style": 2
    },
    "model": "myfly.planetype"
},
{
    "pk": 4,
    "fields": {
        "name": "myFlyer",
        "seat": 500,
        "manufacture": "2017-01-01",
        "style": 3
    },
    "model": "myfly.planetype"
},
{
    "pk": 5,
    "fields": {
        "name": "BigFly 500",
        "seat": 500,
        "manufacture": "2016-11-14",
        "style": 1
    },
    "model": "myfly.planetype"
},
{
    "pk": 6,
    "fields": {
        "name": "\u0411\u043e\u043c\u0431\u0430\u0440\u0434\u0438\u0440\u043e\u0432\u0449\u0438\u043a X2000",
        "seat": 500,
        "manufacture": "2016-11-14",
        "style": 4
    },
    "model": "myfly.planetype"
},
{
    "pk": 1,
    "fields": {
        "last_refit": "2017-01-01",
        "plane_type": 4,
        "fly_col": 250,
        "reg_numb": "225sdf",
        "purchase": "2016-11-02"
    },
    "model": "myfly.plane"
},
{
    "pk": 2,
    "fields": {
        "last_refit": "2017-01-31",
        "plane_type": 3,
        "fly_col": 658,
        "reg_numb": "655465",
        "purchase": "2016-11-15"
    },
    "model": "myfly.plane"
},
{
    "pk": 3,
    "fields": {
        "last_refit": "2017-01-31",
        "plane_type": 2,
        "fly_col": 2,
        "reg_numb": "457208",
        "purchase": "2017-01-31"
    },
    "model": "myfly.plane"
},
{
    "pk": 4,
    "fields": {
        "last_refit": "2017-01-16",
        "plane_type": 3,
        "fly_col": 577,
        "reg_numb": "452127",
        "purchase": "2016-12-05"
    },
    "model": "myfly.plane"
},
{
    "pk": 5,
    "fields": {
        "last_refit": "2017-01-16",
        "plane_type": 1,
        "fly_col": 520,
        "reg_numb": "464120",
        "purchase": "2016-11-08"
    },
    "model": "myfly.plane"
},
{
    "pk": 6,
    "fields": {
        "last_refit": "2016-12-04",
        "plane_type": 2,
        "fly_col": 453,
        "reg_numb": "763142",
        "purchase": "2016-12-11"
    },
    "model": "myfly.plane"
},
{
    "pk": 7,
    "fields": {
        "last_refit": null,
        "plane_type": 5,
        "fly_col": null,
        "reg_numb": "127567",
        "purchase": "2016-01-16"
    },
    "model": "myfly.plane"
},
{
    "pk": 8,
    "fields": {
        "last_refit": "2016-12-11",
        "plane_type": 3,
        "fly_col": 25,
        "reg_numb": "378527",
        "purchase": "2016-12-19"
    },
    "model": "myfly.plane"
},
{
    "pk": 9,
    "fields": {
        "last_refit": null,
        "plane_type": 4,
        "fly_col": null,
        "reg_numb": "1997",
        "purchase": "1992-10-25"
    },
    "model": "myfly.plane"
},
{
    "pk": 10,
    "fields": {
        "last_refit": null,
        "plane_type": 5,
        "fly_col": 2557,
        "reg_numb": "101245",
        "purchase": "1993-10-10"
    },
    "model": "myfly.plane"
},
{
    "pk": 12,
    "fields": {
        "code": "",
        "name": "\u0428\u0435\u0440\u0435\u043c\u0435\u0442\u044c\u0435\u0432\u043e",
        "city": 35,
        "international": true
    },
    "model": "myfly.airport"
},
{
    "pk": 13,
    "fields": {
        "code": "",
        "name": "\u0414\u043e\u043c\u043e\u0434\u0435\u0434\u043e\u0432\u043e",
        "city": 35,
        "international": true
    },
    "model": "myfly.airport"
},
{
    "pk": 14,
    "fields": {
        "code": "",
        "name": "\u0412\u043d\u0443\u043a\u043e\u0432\u043e",
        "city": 35,
        "international": true
    },
    "model": "myfly.airport"
},
{
    "pk": 15,
    "fields": {
        "code": "",
        "name": "\u041f\u0443\u043b\u043a\u043e\u0432\u043e",
        "city": 36,
        "international": true
    },
    "model": "myfly.airport"
},
{
    "pk": 16,
    "fields": {
        "code": "",
        "name": "\u0412\u0430\u0441\u044c\u043a\u043e\u0432\u043e",
        "city": 37,
        "international": true
    },
    "model": "myfly.airport"
},
{
    "pk": 17,
    "fields": {
        "code": "",
        "name": "\u0422\u0430\u043b\u0430\u0433\u0438",
        "city": 37,
        "international": true
    },
    "model": "myfly.airport"
},
{
    "pk": 18,
    "fields": {
        "code": "",
        "name": "\u041a\u043e\u043b\u044c\u0446\u043e\u0432\u043e",
        "city": 38,
        "international": true
    },
    "model": "myfly.airport"
},
{
    "pk": 19,
    "fields": {
        "code": "",
        "name": "\u0423\u043a\u0442\u0443\u0441",
        "city": 38,
        "international": false
    },
    "model": "myfly.airport"
},
{
    "pk": 20,
    "fields": {
        "code": "",
        "name": "\u0410\u0431\u0443-\u0414\u0430\u0431\u0438",
        "city": 39,
        "international": true
    },
    "model": "myfly.airport"
},
{
    "pk": 21,
    "fields": {
        "code": "",
        "name": "\u0410\u043b\u044c-\u0411\u0430\u0442\u0438\u043d",
        "city": 39,
        "international": true
    },
    "model": "myfly.airport"
},
{
    "pk": 22,
    "fields": {
        "code": "",
        "name": "\u042f\u0441-\u0410\u043b\u0435\u043d\u0434",
        "city": 39,
        "international": true
    },
    "model": "myfly.airport"
},
{
    "pk": 23,
    "fields": {
        "code": "",
        "name": "\u0410\u043b\u044c-\u0414\u0445\u0430\u0444\u0440",
        "city": 39,
        "international": true
    },
    "model": "myfly.airport"
},
{
    "pk": 24,
    "fields": {
        "code": "",
        "name": "\u0414\u0443\u0431\u0430\u0439",
        "city": 40,
        "international": true
    },
    "model": "myfly.airport"
},
{
    "pk": 25,
    "fields": {
        "code": "",
        "name": "\u0414\u0443\u0431\u0430\u0439-\u041a\u0440\u0438\u043a",
        "city": 40,
        "international": true
    },
    "model": "myfly.airport"
},
{
    "pk": 26,
    "fields": {
        "code": "",
        "name": "\u0410\u043b\u044c-\u041c\u0430\u043a\u0442\u0443\u043c",
        "city": 40,
        "international": true
    },
    "model": "myfly.airport"
},
{
    "pk": 27,
    "fields": {
        "code": "",
        "name": "\u0414\u0436\u0435\u0431\u0435\u043b\u044c-\u0410\u043b\u0438",
        "city": 40,
        "international": true
    },
    "model": "myfly.airport"
},
{
    "pk": 28,
    "fields": {
        "code": "",
        "name": "\u0425\u0430\u0440\u0442\u0441\u0444\u0438\u043b\u0434-\u0414\u0436\u0435\u043a\u0441\u043e\u043d",
        "city": 41,
        "international": true
    },
    "model": "myfly.airport"
},
{
    "pk": 29,
    "fields": {
        "code": "",
        "name": "\u0414\u0435\u041a\u0430\u043b\u0431-\u041f\u0438\u0447\u0442\u0440\u0438",
        "city": 41,
        "international": true
    },
    "model": "myfly.airport"
},
{
    "pk": 30,
    "fields": {
        "code": "",
        "name": "\u0424\u0443\u043b\u0442\u043e\u043d \u041a\u0430\u0443\u043d\u0442\u0438",
        "city": 41,
        "international": true
    },
    "model": "myfly.airport"
},
{
    "pk": 31,
    "fields": {
        "code": "",
        "name": "\u041b\u043e\u0433\u0430\u043d",
        "city": 42,
        "international": false
    },
    "model": "myfly.airport"
},
{
    "pk": 35,
    "fields": {
        "name": "\u041c\u043e\u0441\u043a\u0432\u0430",
        "country": 14
    },
    "model": "myfly.city"
},
{
    "pk": 36,
    "fields": {
        "name": "\u0421\u0430\u043d\u043a\u0442-\u041f\u0435\u0442\u0435\u0440\u0431\u0443\u0440\u0433",
        "country": 14
    },
    "model": "myfly.city"
},
{
    "pk": 37,
    "fields": {
        "name": "\u0410\u0440\u0445\u0430\u043d\u0433\u0435\u043b\u044c\u0441\u043a",
        "country": 14
    },
    "model": "myfly.city"
},
{
    "pk": 38,
    "fields": {
        "name": "\u0415\u043a\u0430\u0442\u0435\u0440\u0438\u043d\u0431\u0443\u0440\u0433",
        "country": 14
    },
    "model": "myfly.city"
},
{
    "pk": 39,
    "fields": {
        "name": "\u0410\u0431\u0443-\u0414\u0430\u0431\u0438",
        "country": 15
    },
    "model": "myfly.city"
},
{
    "pk": 40,
    "fields": {
        "name": "\u0414\u0443\u0431\u0430\u0439",
        "country": 15
    },
    "model": "myfly.city"
},
{
    "pk": 41,
    "fields": {
        "name": "\u0410\u0442\u043b\u0430\u043d\u0442\u0430",
        "country": 16
    },
    "model": "myfly.city"
},
{
    "pk": 42,
    "fields": {
        "name": "\u0411\u043e\u0441\u0442\u043e\u043d",
        "country": 16
    },
    "model": "myfly.city"
},
{
    "pk": 14,
    "fields": {
        "name": "\u0420\u043e\u0441\u0441\u0438\u044f"
    },
    "model": "myfly.country"
},
{
    "pk": 15,
    "fields": {
        "name": "\u041e\u0410\u042d"
    },
    "model": "myfly.country"
},
{
    "pk": 16,
    "fields": {
        "name": "\u0421\u0428\u0410"
    },
    "model": "myfly.country"
},
{
    "pk": 1,
    "fields": {
        "name": "Can add log entry",
        "content_type": 1,
        "codename": "add_logentry"
    },
    "model": "auth.permission"
},
{
    "pk": 2,
    "fields": {
        "name": "Can change log entry",
        "content_type": 1,
        "codename": "change_logentry"
    },
    "model": "auth.permission"
},
{
    "pk": 3,
    "fields": {
        "name": "Can delete log entry",
        "content_type": 1,
        "codename": "delete_logentry"
    },
    "model": "auth.permission"
},
{
    "pk": 4,
    "fields": {
        "name": "Can add permission",
        "content_type": 2,
        "codename": "add_permission"
    },
    "model": "auth.permission"
},
{
    "pk": 5,
    "fields": {
        "name": "Can change permission",
        "content_type": 2,
        "codename": "change_permission"
    },
    "model": "auth.permission"
},
{
    "pk": 6,
    "fields": {
        "name": "Can delete permission",
        "content_type": 2,
        "codename": "delete_permission"
    },
    "model": "auth.permission"
},
{
    "pk": 7,
    "fields": {
        "name": "Can add group",
        "content_type": 3,
        "codename": "add_group"
    },
    "model": "auth.permission"
},
{
    "pk": 8,
    "fields": {
        "name": "Can change group",
        "content_type": 3,
        "codename": "change_group"
    },
    "model": "auth.permission"
},
{
    "pk": 9,
    "fields": {
        "name": "Can delete group",
        "content_type": 3,
        "codename": "delete_group"
    },
    "model": "auth.permission"
},
{
    "pk": 10,
    "fields": {
        "name": "Can add user",
        "content_type": 4,
        "codename": "add_user"
    },
    "model": "auth.permission"
},
{
    "pk": 11,
    "fields": {
        "name": "Can change user",
        "content_type": 4,
        "codename": "change_user"
    },
    "model": "auth.permission"
},
{
    "pk": 12,
    "fields": {
        "name": "Can delete user",
        "content_type": 4,
        "codename": "delete_user"
    },
    "model": "auth.permission"
},
{
    "pk": 13,
    "fields": {
        "name": "Can add content type",
        "content_type": 5,
        "codename": "add_contenttype"
    },
    "model": "auth.permission"
},
{
    "pk": 14,
    "fields": {
        "name": "Can change content type",
        "content_type": 5,
        "codename": "change_contenttype"
    },
    "model": "auth.permission"
},
{
    "pk": 15,
    "fields": {
        "name": "Can delete content type",
        "content_type": 5,
        "codename": "delete_contenttype"
    },
    "model": "auth.permission"
},
{
    "pk": 16,
    "fields": {
        "name": "Can add session",
        "content_type": 6,
        "codename": "add_session"
    },
    "model": "auth.permission"
},
{
    "pk": 17,
    "fields": {
        "name": "Can change session",
        "content_type": 6,
        "codename": "change_session"
    },
    "model": "auth.permission"
},
{
    "pk": 18,
    "fields": {
        "name": "Can delete session",
        "content_type": 6,
        "codename": "delete_session"
    },
    "model": "auth.permission"
},
{
    "pk": 19,
    "fields": {
        "name": "Can add post",
        "content_type": 7,
        "codename": "add_post"
    },
    "model": "auth.permission"
},
{
    "pk": 20,
    "fields": {
        "name": "Can change post",
        "content_type": 7,
        "codename": "change_post"
    },
    "model": "auth.permission"
},
{
    "pk": 21,
    "fields": {
        "name": "Can delete post",
        "content_type": 7,
        "codename": "delete_post"
    },
    "model": "auth.permission"
},
{
    "pk": 37,
    "fields": {
        "name": "Can add \u041c\u043e\u0434\u0435\u043b\u044c \u0441\u0430\u043c\u043e\u043b\u0451\u0442\u0430",
        "content_type": 13,
        "codename": "add_planetype"
    },
    "model": "auth.permission"
},
{
    "pk": 38,
    "fields": {
        "name": "Can change \u041c\u043e\u0434\u0435\u043b\u044c \u0441\u0430\u043c\u043e\u043b\u0451\u0442\u0430",
        "content_type": 13,
        "codename": "change_planetype"
    },
    "model": "auth.permission"
},
{
    "pk": 39,
    "fields": {
        "name": "Can delete \u041c\u043e\u0434\u0435\u043b\u044c \u0441\u0430\u043c\u043e\u043b\u0451\u0442\u0430",
        "content_type": 13,
        "codename": "delete_planetype"
    },
    "model": "auth.permission"
},
{
    "pk": 40,
    "fields": {
        "name": "Can add \u0421\u0430\u043c\u043e\u043b\u0451\u0442 \u0432 \u0430\u043d\u0433\u0430\u0440\u0435",
        "content_type": 14,
        "codename": "add_plane"
    },
    "model": "auth.permission"
},
{
    "pk": 41,
    "fields": {
        "name": "Can change \u0421\u0430\u043c\u043e\u043b\u0451\u0442 \u0432 \u0430\u043d\u0433\u0430\u0440\u0435",
        "content_type": 14,
        "codename": "change_plane"
    },
    "model": "auth.permission"
},
{
    "pk": 42,
    "fields": {
        "name": "Can delete \u0421\u0430\u043c\u043e\u043b\u0451\u0442 \u0432 \u0430\u043d\u0433\u0430\u0440\u0435",
        "content_type": 14,
        "codename": "delete_plane"
    },
    "model": "auth.permission"
},
{
    "pk": 43,
    "fields": {
        "name": "Can add \u041c\u0430\u0440\u0448\u0440\u0443\u0442",
        "content_type": 15,
        "codename": "add_route"
    },
    "model": "auth.permission"
},
{
    "pk": 44,
    "fields": {
        "name": "Can change \u041c\u0430\u0440\u0448\u0440\u0443\u0442",
        "content_type": 15,
        "codename": "change_route"
    },
    "model": "auth.permission"
},
{
    "pk": 45,
    "fields": {
        "name": "Can delete \u041c\u0430\u0440\u0448\u0440\u0443\u0442",
        "content_type": 15,
        "codename": "delete_route"
    },
    "model": "auth.permission"
},
{
    "pk": 46,
    "fields": {
        "name": "Can add airport",
        "content_type": 16,
        "codename": "add_airport"
    },
    "model": "auth.permission"
},
{
    "pk": 47,
    "fields": {
        "name": "Can change airport",
        "content_type": 16,
        "codename": "change_airport"
    },
    "model": "auth.permission"
},
{
    "pk": 48,
    "fields": {
        "name": "Can delete airport",
        "content_type": 16,
        "codename": "delete_airport"
    },
    "model": "auth.permission"
},
{
    "pk": 49,
    "fields": {
        "name": "Can add \u0433\u043e\u0440\u043e\u0434",
        "content_type": 17,
        "codename": "add_city"
    },
    "model": "auth.permission"
},
{
    "pk": 50,
    "fields": {
        "name": "Can change \u0433\u043e\u0440\u043e\u0434",
        "content_type": 17,
        "codename": "change_city"
    },
    "model": "auth.permission"
},
{
    "pk": 51,
    "fields": {
        "name": "Can delete \u0433\u043e\u0440\u043e\u0434",
        "content_type": 17,
        "codename": "delete_city"
    },
    "model": "auth.permission"
},
{
    "pk": 52,
    "fields": {
        "name": "Can add \u0441\u0442\u0440\u0444\u043d\u0430",
        "content_type": 18,
        "codename": "add_country"
    },
    "model": "auth.permission"
},
{
    "pk": 53,
    "fields": {
        "name": "Can change \u0441\u0442\u0440\u0444\u043d\u0430",
        "content_type": 18,
        "codename": "change_country"
    },
    "model": "auth.permission"
},
{
    "pk": 54,
    "fields": {
        "name": "Can delete \u0441\u0442\u0440\u0444\u043d\u0430",
        "content_type": 18,
        "codename": "delete_country"
    },
    "model": "auth.permission"
},
{
    "pk": 1,
    "fields": {
        "date_joined": "2017-01-12T11:15:30.816Z",
        "is_active": true,
        "first_name": "",
        "groups": [],
        "username": "xb",
        "is_staff": true,
        "last_login": "2017-02-22T14:18:07.031Z",
        "password": "pbkdf2_sha256$20000$Rt9pCNNAEat4$StneFmZixr5JSzL0djcub4Mqp9fzjhLEitdo52HkfAQ=",
        "user_permissions": [],
        "last_name": "",
        "is_superuser": true,
        "email": "xb@rabota66.ru"
    },
    "model": "auth.user"
},
{
    "pk": 1,
    "fields": {
        "object_id": "1",
        "action_flag": 1,
        "object_repr": "1",
        "content_type": 7,
        "change_message": "",
        "user": 1,
        "action_time": "2017-01-12T11:16:39.062Z"
    },
    "model": "admin.logentry"
},
{
    "pk": 2,
    "fields": {
        "object_id": "2",
        "action_flag": 1,
        "object_repr": "2",
        "content_type": 7,
        "change_message": "",
        "user": 1,
        "action_time": "2017-01-12T11:16:52.795Z"
    },
    "model": "admin.logentry"
},
{
    "pk": 3,
    "fields": {
        "object_id": "3",
        "action_flag": 1,
        "object_repr": "3",
        "content_type": 7,
        "change_message": "",
        "user": 1,
        "action_time": "2017-01-12T11:17:18.667Z"
    },
    "model": "admin.logentry"
},
{
    "pk": 4,
    "fields": {
        "object_id": "4",
        "action_flag": 2,
        "object_repr": "Shell test",
        "content_type": 7,
        "change_message": "Changed published_date.",
        "user": 1,
        "action_time": "2017-01-16T14:04:40.840Z"
    },
    "model": "admin.logentry"
},
{
    "pk": 5,
    "fields": {
        "object_id": "2",
        "action_flag": 2,
        "object_repr": "2",
        "content_type": 7,
        "change_message": "No fields changed.",
        "user": 1,
        "action_time": "2017-01-16T14:04:46.078Z"
    },
    "model": "admin.logentry"
},
{
    "pk": 6,
    "fields": {
        "object_id": "3",
        "action_flag": 2,
        "object_repr": "3",
        "content_type": 7,
        "change_message": "Changed published_date.",
        "user": 1,
        "action_time": "2017-01-16T14:04:49.261Z"
    },
    "model": "admin.logentry"
},
{
    "pk": 7,
    "fields": {
        "object_id": "1",
        "action_flag": 2,
        "object_repr": "1",
        "content_type": 7,
        "change_message": "No fields changed.",
        "user": 1,
        "action_time": "2017-01-16T14:04:52.179Z"
    },
    "model": "admin.logentry"
},
{
    "pk": 8,
    "fields": {
        "object_id": "5",
        "action_flag": 2,
        "object_repr": "Shell test 2",
        "content_type": 7,
        "change_message": "Changed published_date.",
        "user": 1,
        "action_time": "2017-01-16T14:05:04.710Z"
    },
    "model": "admin.logentry"
},
{
    "pk": 9,
    "fields": {
        "object_id": "1",
        "action_flag": 2,
        "object_repr": "1",
        "content_type": 7,
        "change_message": "Changed text.",
        "user": 1,
        "action_time": "2017-01-16T14:06:50.180Z"
    },
    "model": "admin.logentry"
},
{
    "pk": 10,
    "fields": {
        "object_id": "5",
        "action_flag": 2,
        "object_repr": "Shell test 2",
        "content_type": 7,
        "change_message": "Changed text.",
        "user": 1,
        "action_time": "2017-01-16T14:08:11.105Z"
    },
    "model": "admin.logentry"
},
{
    "pk": 11,
    "fields": {
        "object_id": "6",
        "action_flag": 3,
        "object_repr": "new",
        "content_type": 7,
        "change_message": "",
        "user": 1,
        "action_time": "2017-01-18T07:35:21.488Z"
    },
    "model": "admin.logentry"
},
{
    "pk": 63,
    "fields": {
        "object_id": "1",
        "action_flag": 1,
        "object_repr": "Boeing 777",
        "content_type": 13,
        "change_message": "",
        "user": 1,
        "action_time": "2017-01-26T09:38:23.071Z"
    },
    "model": "admin.logentry"
},
{
    "pk": 64,
    "fields": {
        "object_id": "2",
        "action_flag": 1,
        "object_repr": "Airbus A300",
        "content_type": 13,
        "change_message": "",
        "user": 1,
        "action_time": "2017-01-26T09:38:38.831Z"
    },
    "model": "admin.logentry"
},
{
    "pk": 65,
    "fields": {
        "object_id": "1",
        "action_flag": 1,
        "object_repr": "Boeing 777 | 225sdf",
        "content_type": 14,
        "change_message": "",
        "user": 1,
        "action_time": "2017-01-26T09:39:35.440Z"
    },
    "model": "admin.logentry"
},
{
    "pk": 66,
    "fields": {
        "object_id": "1",
        "action_flag": 1,
        "object_repr": "Airport object",
        "content_type": 16,
        "change_message": "",
        "user": 1,
        "action_time": "2017-01-30T15:57:06.007Z"
    },
    "model": "admin.logentry"
},
{
    "pk": 67,
    "fields": {
        "object_id": "1",
        "action_flag": 1,
        "object_repr": "\u0415\u043a\u0430\u0442\u0435\u0440\u0438\u043d\u0431\u0443\u0440\u0433",
        "content_type": 17,
        "change_message": "",
        "user": 1,
        "action_time": "2017-01-30T16:00:06.934Z"
    },
    "model": "admin.logentry"
},
{
    "pk": 68,
    "fields": {
        "object_id": "1",
        "action_flag": 3,
        "object_repr": "\u0415\u043a\u0430\u0442\u0435\u0440\u0438\u043d\u0431\u0443\u0440\u0433",
        "content_type": 16,
        "change_message": "",
        "user": 1,
        "action_time": "2017-01-30T16:01:20.900Z"
    },
    "model": "admin.logentry"
},
{
    "pk": 69,
    "fields": {
        "object_id": "2",
        "action_flag": 1,
        "object_repr": "\u041a\u043e\u043b\u044c\u0446\u043e\u0432\u043e",
        "content_type": 16,
        "change_message": "",
        "user": 1,
        "action_time": "2017-01-30T16:01:34.987Z"
    },
    "model": "admin.logentry"
},
{
    "pk": 70,
    "fields": {
        "object_id": "1",
        "action_flag": 1,
        "object_repr": "\u0420\u043e\u0441\u0441\u0438\u044f",
        "content_type": 18,
        "change_message": "",
        "user": 1,
        "action_time": "2017-01-30T16:03:27.663Z"
    },
    "model": "admin.logentry"
},
{
    "pk": 71,
    "fields": {
        "object_id": "1",
        "action_flag": 1,
        "object_repr": "1",
        "content_type": 15,
        "change_message": "",
        "user": 1,
        "action_time": "2017-01-31T05:26:34.326Z"
    },
    "model": "admin.logentry"
},
{
    "pk": 72,
    "fields": {
        "object_id": "1",
        "action_flag": 3,
        "object_repr": "1",
        "content_type": 15,
        "change_message": "",
        "user": 1,
        "action_time": "2017-01-31T05:26:48.311Z"
    },
    "model": "admin.logentry"
},
{
    "pk": 73,
    "fields": {
        "object_id": "2",
        "action_flag": 3,
        "object_repr": "Airport object",
        "content_type": 16,
        "change_message": "",
        "user": 1,
        "action_time": "2017-01-31T06:10:13.040Z"
    },
    "model": "admin.logentry"
},
{
    "pk": 74,
    "fields": {
        "object_id": "1",
        "action_flag": 3,
        "object_repr": "City object",
        "content_type": 17,
        "change_message": "",
        "user": 1,
        "action_time": "2017-01-31T06:10:20.566Z"
    },
    "model": "admin.logentry"
},
{
    "pk": 75,
    "fields": {
        "object_id": "1",
        "action_flag": 3,
        "object_repr": "Country object",
        "content_type": 18,
        "change_message": "",
        "user": 1,
        "action_time": "2017-01-31T06:10:40.936Z"
    },
    "model": "admin.logentry"
},
{
    "pk": 76,
    "fields": {
        "object_id": "2",
        "action_flag": 1,
        "object_repr": "Country object",
        "content_type": 18,
        "change_message": "",
        "user": 1,
        "action_time": "2017-01-31T08:10:44.496Z"
    },
    "model": "admin.logentry"
},
{
    "pk": 77,
    "fields": {
        "object_id": "3",
        "action_flag": 1,
        "object_repr": "Country object",
        "content_type": 18,
        "change_message": "",
        "user": 1,
        "action_time": "2017-01-31T08:10:55.177Z"
    },
    "model": "admin.logentry"
},
{
    "pk": 78,
    "fields": {
        "object_id": "4",
        "action_flag": 1,
        "object_repr": "Country object",
        "content_type": 18,
        "change_message": "",
        "user": 1,
        "action_time": "2017-01-31T08:11:04.016Z"
    },
    "model": "admin.logentry"
},
{
    "pk": 79,
    "fields": {
        "object_id": "5",
        "action_flag": 1,
        "object_repr": "Country object",
        "content_type": 18,
        "change_message": "",
        "user": 1,
        "action_time": "2017-01-31T08:11:10.869Z"
    },
    "model": "admin.logentry"
},
{
    "pk": 80,
    "fields": {
        "object_id": "6",
        "action_flag": 1,
        "object_repr": "Country object",
        "content_type": 18,
        "change_message": "",
        "user": 1,
        "action_time": "2017-01-31T08:11:15.833Z"
    },
    "model": "admin.logentry"
},
{
    "pk": 81,
    "fields": {
        "object_id": "7",
        "action_flag": 1,
        "object_repr": "Country object",
        "content_type": 18,
        "change_message": "",
        "user": 1,
        "action_time": "2017-01-31T08:11:21.364Z"
    },
    "model": "admin.logentry"
},
{
    "pk": 82,
    "fields": {
        "object_id": "8",
        "action_flag": 1,
        "object_repr": "Country object",
        "content_type": 18,
        "change_message": "",
        "user": 1,
        "action_time": "2017-01-31T08:11:25.922Z"
    },
    "model": "admin.logentry"
},
{
    "pk": 83,
    "fields": {
        "object_id": "9",
        "action_flag": 1,
        "object_repr": "Country object",
        "content_type": 18,
        "change_message": "",
        "user": 1,
        "action_time": "2017-01-31T08:11:31.055Z"
    },
    "model": "admin.logentry"
},
{
    "pk": 84,
    "fields": {
        "object_id": "10",
        "action_flag": 1,
        "object_repr": "Country object",
        "content_type": 18,
        "change_message": "",
        "user": 1,
        "action_time": "2017-01-31T08:11:35.588Z"
    },
    "model": "admin.logentry"
},
{
    "pk": 85,
    "fields": {
        "object_id": "11",
        "action_flag": 1,
        "object_repr": "Country object",
        "content_type": 18,
        "change_message": "",
        "user": 1,
        "action_time": "2017-01-31T08:11:44.994Z"
    },
    "model": "admin.logentry"
},
{
    "pk": 86,
    "fields": {
        "object_id": "12",
        "action_flag": 1,
        "object_repr": "Country object",
        "content_type": 18,
        "change_message": "",
        "user": 1,
        "action_time": "2017-01-31T08:11:53.815Z"
    },
    "model": "admin.logentry"
},
{
    "pk": 87,
    "fields": {
        "object_id": "13",
        "action_flag": 1,
        "object_repr": "Country object",
        "content_type": 18,
        "change_message": "",
        "user": 1,
        "action_time": "2017-01-31T08:12:01.844Z"
    },
    "model": "admin.logentry"
},
{
    "pk": 88,
    "fields": {
        "object_id": "2",
        "action_flag": 1,
        "object_repr": "City object",
        "content_type": 17,
        "change_message": "",
        "user": 1,
        "action_time": "2017-01-31T11:55:59.452Z"
    },
    "model": "admin.logentry"
},
{
    "pk": 89,
    "fields": {
        "object_id": "3",
        "action_flag": 1,
        "object_repr": "City object",
        "content_type": 17,
        "change_message": "",
        "user": 1,
        "action_time": "2017-01-31T11:56:05.731Z"
    },
    "model": "admin.logentry"
},
{
    "pk": 90,
    "fields": {
        "object_id": "4",
        "action_flag": 1,
        "object_repr": "City object",
        "content_type": 17,
        "change_message": "",
        "user": 1,
        "action_time": "2017-01-31T11:56:11.314Z"
    },
    "model": "admin.logentry"
},
{
    "pk": 91,
    "fields": {
        "object_id": "5",
        "action_flag": 1,
        "object_repr": "City object",
        "content_type": 17,
        "change_message": "",
        "user": 1,
        "action_time": "2017-01-31T11:56:30.149Z"
    },
    "model": "admin.logentry"
},
{
    "pk": 92,
    "fields": {
        "object_id": "6",
        "action_flag": 1,
        "object_repr": "City object",
        "content_type": 17,
        "change_message": "",
        "user": 1,
        "action_time": "2017-01-31T11:56:48.508Z"
    },
    "model": "admin.logentry"
},
{
    "pk": 93,
    "fields": {
        "object_id": "7",
        "action_flag": 1,
        "object_repr": "City object",
        "content_type": 17,
        "change_message": "",
        "user": 1,
        "action_time": "2017-01-31T11:56:54.763Z"
    },
    "model": "admin.logentry"
},
{
    "pk": 94,
    "fields": {
        "object_id": "8",
        "action_flag": 1,
        "object_repr": "City object",
        "content_type": 17,
        "change_message": "",
        "user": 1,
        "action_time": "2017-01-31T11:56:59.957Z"
    },
    "model": "admin.logentry"
},
{
    "pk": 95,
    "fields": {
        "object_id": "9",
        "action_flag": 1,
        "object_repr": "City object",
        "content_type": 17,
        "change_message": "",
        "user": 1,
        "action_time": "2017-01-31T11:57:18.092Z"
    },
    "model": "admin.logentry"
},
{
    "pk": 96,
    "fields": {
        "object_id": "10",
        "action_flag": 1,
        "object_repr": "City object",
        "content_type": 17,
        "change_message": "",
        "user": 1,
        "action_time": "2017-01-31T11:57:31.359Z"
    },
    "model": "admin.logentry"
},
{
    "pk": 97,
    "fields": {
        "object_id": "11",
        "action_flag": 1,
        "object_repr": "City object",
        "content_type": 17,
        "change_message": "",
        "user": 1,
        "action_time": "2017-01-31T11:57:35.429Z"
    },
    "model": "admin.logentry"
},
{
    "pk": 98,
    "fields": {
        "object_id": "12",
        "action_flag": 1,
        "object_repr": "City object",
        "content_type": 17,
        "change_message": "",
        "user": 1,
        "action_time": "2017-01-31T11:57:42.366Z"
    },
    "model": "admin.logentry"
},
{
    "pk": 99,
    "fields": {
        "object_id": "13",
        "action_flag": 1,
        "object_repr": "City object",
        "content_type": 17,
        "change_message": "",
        "user": 1,
        "action_time": "2017-01-31T11:57:51.640Z"
    },
    "model": "admin.logentry"
},
{
    "pk": 100,
    "fields": {
        "object_id": "14",
        "action_flag": 1,
        "object_repr": "City object",
        "content_type": 17,
        "change_message": "",
        "user": 1,
        "action_time": "2017-01-31T11:59:07.862Z"
    },
    "model": "admin.logentry"
},
{
    "pk": 101,
    "fields": {
        "object_id": "15",
        "action_flag": 1,
        "object_repr": "City object",
        "content_type": 17,
        "change_message": "",
        "user": 1,
        "action_time": "2017-01-31T11:59:13.365Z"
    },
    "model": "admin.logentry"
},
{
    "pk": 102,
    "fields": {
        "object_id": "16",
        "action_flag": 1,
        "object_repr": "City object",
        "content_type": 17,
        "change_message": "",
        "user": 1,
        "action_time": "2017-01-31T11:59:22.762Z"
    },
    "model": "admin.logentry"
},
{
    "pk": 103,
    "fields": {
        "object_id": "17",
        "action_flag": 1,
        "object_repr": "City object",
        "content_type": 17,
        "change_message": "",
        "user": 1,
        "action_time": "2017-01-31T11:59:27.838Z"
    },
    "model": "admin.logentry"
},
{
    "pk": 104,
    "fields": {
        "object_id": "18",
        "action_flag": 1,
        "object_repr": "City object",
        "content_type": 17,
        "change_message": "",
        "user": 1,
        "action_time": "2017-01-31T11:59:34.466Z"
    },
    "model": "admin.logentry"
},
{
    "pk": 105,
    "fields": {
        "object_id": "19",
        "action_flag": 1,
        "object_repr": "\u0422\u0430\u0439_\u0433\u043e\u0440_1",
        "content_type": 17,
        "change_message": "",
        "user": 1,
        "action_time": "2017-01-31T12:04:14.589Z"
    },
    "model": "admin.logentry"
},
{
    "pk": 106,
    "fields": {
        "object_id": "20",
        "action_flag": 1,
        "object_repr": "\u0422\u0430\u0439_\u0433\u043e\u0440_2",
        "content_type": 17,
        "change_message": "",
        "user": 1,
        "action_time": "2017-01-31T12:04:20.305Z"
    },
    "model": "admin.logentry"
},
{
    "pk": 107,
    "fields": {
        "object_id": "21",
        "action_flag": 1,
        "object_repr": "\u0422\u0430\u0439_\u0433\u043e\u0440_3",
        "content_type": 17,
        "change_message": "",
        "user": 1,
        "action_time": "2017-01-31T12:04:26.906Z"
    },
    "model": "admin.logentry"
},
{
    "pk": 108,
    "fields": {
        "object_id": "22",
        "action_flag": 1,
        "object_repr": "\u041a\u0438\u043f\u0440\u043e\u0433\u043e\u0440\u043e\u0434",
        "content_type": 17,
        "change_message": "",
        "user": 1,
        "action_time": "2017-01-31T12:05:47.846Z"
    },
    "model": "admin.logentry"
},
{
    "pk": 109,
    "fields": {
        "object_id": "23",
        "action_flag": 1,
        "object_repr": "\u0422\u0443\u043d\u0438\u0441_\u0433\u043e\u0440_1",
        "content_type": 17,
        "change_message": "",
        "user": 1,
        "action_time": "2017-01-31T12:06:01.706Z"
    },
    "model": "admin.logentry"
},
{
    "pk": 110,
    "fields": {
        "object_id": "24",
        "action_flag": 1,
        "object_repr": "\u0422\u0443\u043d\u0438\u0441_\u0433\u043e\u0440_2",
        "content_type": 17,
        "change_message": "",
        "user": 1,
        "action_time": "2017-01-31T12:06:06.809Z"
    },
    "model": "admin.logentry"
},
{
    "pk": 111,
    "fields": {
        "object_id": "25",
        "action_flag": 1,
        "object_repr": "\u0422\u0443\u043d\u0438\u0441_\u0433\u043e\u0440_3",
        "content_type": 17,
        "change_message": "",
        "user": 1,
        "action_time": "2017-01-31T12:06:14.631Z"
    },
    "model": "admin.logentry"
},
{
    "pk": 112,
    "fields": {
        "object_id": "26",
        "action_flag": 1,
        "object_repr": "\u0418\u043d\u0434\u0438\u044f_\u0433\u043e\u0440_1",
        "content_type": 17,
        "change_message": "",
        "user": 1,
        "action_time": "2017-01-31T12:06:22.452Z"
    },
    "model": "admin.logentry"
},
{
    "pk": 113,
    "fields": {
        "object_id": "27",
        "action_flag": 1,
        "object_repr": "\u0418\u043d\u0434\u0438\u044f_\u0433\u043e\u0440_2",
        "content_type": 17,
        "change_message": "",
        "user": 1,
        "action_time": "2017-01-31T12:06:36.497Z"
    },
    "model": "admin.logentry"
},
{
    "pk": 114,
    "fields": {
        "object_id": "28",
        "action_flag": 1,
        "object_repr": "\u0427\u0435\u0445\u0438\u044f_\u0433\u043e\u0440_2",
        "content_type": 17,
        "change_message": "",
        "user": 1,
        "action_time": "2017-01-31T12:06:46.448Z"
    },
    "model": "admin.logentry"
},
{
    "pk": 115,
    "fields": {
        "object_id": "29",
        "action_flag": 1,
        "object_repr": "\u0427\u0435\u0445\u0438\u044f_\u0433\u043e\u0440_3",
        "content_type": 17,
        "change_message": "",
        "user": 1,
        "action_time": "2017-01-31T12:06:58.724Z"
    },
    "model": "admin.logentry"
},
{
    "pk": 116,
    "fields": {
        "object_id": "30",
        "action_flag": 1,
        "object_repr": "\u0427\u0435\u0445\u0438\u044f_\u0433\u043e\u0440_4",
        "content_type": 17,
        "change_message": "",
        "user": 1,
        "action_time": "2017-01-31T12:07:04.281Z"
    },
    "model": "admin.logentry"
},
{
    "pk": 117,
    "fields": {
        "object_id": "31",
        "action_flag": 1,
        "object_repr": "\u0411\u043e\u0441\u0442\u043e\u043d",
        "content_type": 17,
        "change_message": "",
        "user": 1,
        "action_time": "2017-01-31T12:07:10.985Z"
    },
    "model": "admin.logentry"
},
{
    "pk": 118,
    "fields": {
        "object_id": "32",
        "action_flag": 1,
        "object_repr": "NY",
        "content_type": 17,
        "change_message": "",
        "user": 1,
        "action_time": "2017-01-31T12:07:23.518Z"
    },
    "model": "admin.logentry"
},
{
    "pk": 119,
    "fields": {
        "object_id": "33",
        "action_flag": 1,
        "object_repr": "LA",
        "content_type": 17,
        "change_message": "",
        "user": 1,
        "action_time": "2017-01-31T12:07:29.998Z"
    },
    "model": "admin.logentry"
},
{
    "pk": 120,
    "fields": {
        "object_id": "34",
        "action_flag": 1,
        "object_repr": "\u041a\u0430\u043d\u0430\u0434\u0430_\u0433\u043e\u0440_1",
        "content_type": 17,
        "change_message": "",
        "user": 1,
        "action_time": "2017-01-31T12:07:42.304Z"
    },
    "model": "admin.logentry"
},
{
    "pk": 121,
    "fields": {
        "object_id": "3",
        "action_flag": 1,
        "object_repr": "\u041f\u0435\u0440\u0432\u0435\u043d\u0446\u043e\u0432\u043e",
        "content_type": 16,
        "change_message": "",
        "user": 1,
        "action_time": "2017-01-31T12:45:09.526Z"
    },
    "model": "admin.logentry"
},
{
    "pk": 122,
    "fields": {
        "object_id": "4",
        "action_flag": 1,
        "object_repr": "\u0412\u0442\u043e\u0440\u0446\u043e\u0432\u043e",
        "content_type": 16,
        "change_message": "",
        "user": 1,
        "action_time": "2017-01-31T12:46:38.546Z"
    },
    "model": "admin.logentry"
},
{
    "pk": 123,
    "fields": {
        "object_id": "1",
        "action_flag": 1,
        "object_repr": "\u041f\u0435\u0440\u0432\u0435\u043d\u0446\u043e\u0432\u043e - \u0412\u0442\u043e\u0440\u0446\u043e\u0432\u043e",
        "content_type": 15,
        "change_message": "",
        "user": 1,
        "action_time": "2017-01-31T12:46:41.142Z"
    },
    "model": "admin.logentry"
},
{
    "pk": 124,
    "fields": {
        "object_id": "5",
        "action_flag": 1,
        "object_repr": "\u0422\u0440\u0435\u0442\u0435\u043d\u0446\u043e\u0432\u043e",
        "content_type": 16,
        "change_message": "",
        "user": 1,
        "action_time": "2017-01-31T15:24:37.740Z"
    },
    "model": "admin.logentry"
},
{
    "pk": 125,
    "fields": {
        "object_id": "6",
        "action_flag": 1,
        "object_repr": "\u0427\u0435\u0442\u0432\u0435\u0442\u0435\u043d\u0446\u043e\u0432\u043e",
        "content_type": 16,
        "change_message": "",
        "user": 1,
        "action_time": "2017-01-31T15:25:15.759Z"
    },
    "model": "admin.logentry"
},
{
    "pk": 126,
    "fields": {
        "object_id": "3",
        "action_flag": 1,
        "object_repr": "\u041a\u0443\u043a\u0443\u0440\u0443\u0437\u043d\u0438\u043a",
        "content_type": 13,
        "change_message": "",
        "user": 1,
        "action_time": "2017-01-31T15:26:08.987Z"
    },
    "model": "admin.logentry"
},
{
    "pk": 127,
    "fields": {
        "object_id": "2",
        "action_flag": 1,
        "object_repr": "\u041a\u0443\u043a\u0443\u0440\u0443\u0437\u043d\u0438\u043a | 655465",
        "content_type": 14,
        "change_message": "",
        "user": 1,
        "action_time": "2017-01-31T15:26:24.966Z"
    },
    "model": "admin.logentry"
},
{
    "pk": 128,
    "fields": {
        "object_id": "2",
        "action_flag": 1,
        "object_repr": "\u0422\u0440\u0435-\u0427\u0435",
        "content_type": 15,
        "change_message": "",
        "user": 1,
        "action_time": "2017-01-31T15:26:37.854Z"
    },
    "model": "admin.logentry"
},
{
    "pk": 129,
    "fields": {
        "object_id": "3",
        "action_flag": 1,
        "object_repr": "Airbus A300 | 457208",
        "content_type": 14,
        "change_message": "",
        "user": 1,
        "action_time": "2017-01-31T15:27:29.992Z"
    },
    "model": "admin.logentry"
},
{
    "pk": 130,
    "fields": {
        "object_id": "7",
        "action_flag": 1,
        "object_repr": "\u041f\u044f\u0442\u0435\u043d\u0446\u043e\u0432\u043e",
        "content_type": 16,
        "change_message": "",
        "user": 1,
        "action_time": "2017-01-31T15:28:03.974Z"
    },
    "model": "admin.logentry"
},
{
    "pk": 131,
    "fields": {
        "object_id": "8",
        "action_flag": 1,
        "object_repr": "\u0428\u0435\u0441\u0442\u0435\u043d\u0446\u043e\u0432\u043e",
        "content_type": 16,
        "change_message": "",
        "user": 1,
        "action_time": "2017-01-31T15:28:28.460Z"
    },
    "model": "admin.logentry"
},
{
    "pk": 132,
    "fields": {
        "object_id": "3",
        "action_flag": 1,
        "object_repr": "\u041f\u044f-\u0428\u0435",
        "content_type": 15,
        "change_message": "",
        "user": 1,
        "action_time": "2017-01-31T15:28:31.055Z"
    },
    "model": "admin.logentry"
},
{
    "pk": 133,
    "fields": {
        "object_id": "9",
        "action_flag": 1,
        "object_repr": "\u0412\u043e\u0441\u044c\u043c\u0435\u043d\u0446\u043e\u0432\u043e",
        "content_type": 16,
        "change_message": "",
        "user": 1,
        "action_time": "2017-01-31T15:29:32.774Z"
    },
    "model": "admin.logentry"
},
{
    "pk": 134,
    "fields": {
        "object_id": "10",
        "action_flag": 1,
        "object_repr": "\u0414\u0435\u0432\u044f\u0442\u0435\u043d\u0446\u043e\u0432\u043e",
        "content_type": 16,
        "change_message": "",
        "user": 1,
        "action_time": "2017-01-31T15:29:54.484Z"
    },
    "model": "admin.logentry"
},
{
    "pk": 135,
    "fields": {
        "object_id": "4",
        "action_flag": 1,
        "object_repr": "8/9",
        "content_type": 15,
        "change_message": "",
        "user": 1,
        "action_time": "2017-01-31T15:29:58.048Z"
    },
    "model": "admin.logentry"
},
{
    "pk": 136,
    "fields": {
        "object_id": "5",
        "action_flag": 1,
        "object_repr": "\u043f\u0435\u0440-\u0434\u0435\u0432",
        "content_type": 15,
        "change_message": "",
        "user": 1,
        "action_time": "2017-01-31T15:30:34.736Z"
    },
    "model": "admin.logentry"
},
{
    "pk": 137,
    "fields": {
        "object_id": "11",
        "action_flag": 1,
        "object_repr": "\u0421\u0435\u043c\u044c\u0446\u043e\u0432\u043e",
        "content_type": 16,
        "change_message": "",
        "user": 1,
        "action_time": "2017-01-31T15:31:35.725Z"
    },
    "model": "admin.logentry"
},
{
    "pk": 138,
    "fields": {
        "object_id": "6",
        "action_flag": 1,
        "object_repr": "\u0434\u0432\u0430-\u0441\u0435\u043c\u044c",
        "content_type": 15,
        "change_message": "",
        "user": 1,
        "action_time": "2017-01-31T15:31:38.146Z"
    },
    "model": "admin.logentry"
},
{
    "pk": 139,
    "fields": {
        "object_id": "4",
        "action_flag": 1,
        "object_repr": "myFlyer",
        "content_type": 13,
        "change_message": "",
        "user": 1,
        "action_time": "2017-02-01T06:02:27.549Z"
    },
    "model": "admin.logentry"
},
{
    "pk": 140,
    "fields": {
        "object_id": "1",
        "action_flag": 2,
        "object_repr": "myFlyer | 225sdf",
        "content_type": 14,
        "change_message": "Changed plane_type.",
        "user": 1,
        "action_time": "2017-02-01T06:02:34.007Z"
    },
    "model": "admin.logentry"
},
{
    "pk": 141,
    "fields": {
        "object_id": "4",
        "action_flag": 1,
        "object_repr": "\u041a\u0443\u043a\u0443\u0440\u0443\u0437\u043d\u0438\u043a | 452127",
        "content_type": 14,
        "change_message": "",
        "user": 1,
        "action_time": "2017-02-01T06:03:01.892Z"
    },
    "model": "admin.logentry"
},
{
    "pk": 142,
    "fields": {
        "object_id": "5",
        "action_flag": 1,
        "object_repr": "Boeing 777 | 464120",
        "content_type": 14,
        "change_message": "",
        "user": 1,
        "action_time": "2017-02-01T06:03:29.224Z"
    },
    "model": "admin.logentry"
},
{
    "pk": 143,
    "fields": {
        "object_id": "6",
        "action_flag": 1,
        "object_repr": "Airbus A300 | 763142",
        "content_type": 14,
        "change_message": "",
        "user": 1,
        "action_time": "2017-02-01T06:03:51.448Z"
    },
    "model": "admin.logentry"
},
{
    "pk": 144,
    "fields": {
        "object_id": "5",
        "action_flag": 1,
        "object_repr": "BigFly 500",
        "content_type": 13,
        "change_message": "",
        "user": 1,
        "action_time": "2017-02-01T06:04:24.542Z"
    },
    "model": "admin.logentry"
},
{
    "pk": 145,
    "fields": {
        "object_id": "7",
        "action_flag": 1,
        "object_repr": "BigFly 500 | 127567",
        "content_type": 14,
        "change_message": "",
        "user": 1,
        "action_time": "2017-02-01T06:04:41.390Z"
    },
    "model": "admin.logentry"
},
{
    "pk": 146,
    "fields": {
        "object_id": "8",
        "action_flag": 1,
        "object_repr": "\u041a\u0443\u043a\u0443\u0440\u0443\u0437\u043d\u0438\u043a | 378527",
        "content_type": 14,
        "change_message": "",
        "user": 1,
        "action_time": "2017-02-01T06:10:03.956Z"
    },
    "model": "admin.logentry"
},
{
    "pk": 147,
    "fields": {
        "object_id": "9",
        "action_flag": 1,
        "object_repr": "myFlyer | 1997",
        "content_type": 14,
        "change_message": "",
        "user": 1,
        "action_time": "2017-02-01T06:11:14.690Z"
    },
    "model": "admin.logentry"
},
{
    "pk": 148,
    "fields": {
        "object_id": "10",
        "action_flag": 1,
        "object_repr": "BigFly 500 | 101245",
        "content_type": 14,
        "change_message": "",
        "user": 1,
        "action_time": "2017-02-01T06:12:11.229Z"
    },
    "model": "admin.logentry"
},
{
    "pk": 149,
    "fields": {
        "object_id": "7",
        "action_flag": 1,
        "object_repr": "\u044f\u0447\u0441\u0430\u0444\u044b\u0432\u0430",
        "content_type": 15,
        "change_message": "",
        "user": 1,
        "action_time": "2017-02-01T06:14:48.293Z"
    },
    "model": "admin.logentry"
},
{
    "pk": 150,
    "fields": {
        "object_id": "8",
        "action_flag": 1,
        "object_repr": "\u0435\u043a\u043f\u0440\u043f3",
        "content_type": 15,
        "change_message": "",
        "user": 1,
        "action_time": "2017-02-01T06:15:06.804Z"
    },
    "model": "admin.logentry"
},
{
    "pk": 151,
    "fields": {
        "object_id": "9",
        "action_flag": 1,
        "object_repr": "\u044b\u0439\u043f\u043d5\u0435",
        "content_type": 15,
        "change_message": "",
        "user": 1,
        "action_time": "2017-02-01T06:15:18.776Z"
    },
    "model": "admin.logentry"
},
{
    "pk": 152,
    "fields": {
        "object_id": "10",
        "action_flag": 1,
        "object_repr": "3245",
        "content_type": 15,
        "change_message": "",
        "user": 1,
        "action_time": "2017-02-01T06:15:35.586Z"
    },
    "model": "admin.logentry"
},
{
    "pk": 153,
    "fields": {
        "object_id": "10",
        "action_flag": 3,
        "object_repr": "3245",
        "content_type": 15,
        "change_message": "",
        "user": 1,
        "action_time": "2017-02-02T11:53:09.215Z"
    },
    "model": "admin.logentry"
},
{
    "pk": 154,
    "fields": {
        "object_id": "9",
        "action_flag": 3,
        "object_repr": "\u044b\u0439\u043f\u043d5\u0435",
        "content_type": 15,
        "change_message": "",
        "user": 1,
        "action_time": "2017-02-02T11:53:09.234Z"
    },
    "model": "admin.logentry"
},
{
    "pk": 155,
    "fields": {
        "object_id": "8",
        "action_flag": 3,
        "object_repr": "\u0435\u043a\u043f\u0440\u043f3",
        "content_type": 15,
        "change_message": "",
        "user": 1,
        "action_time": "2017-02-02T11:53:09.236Z"
    },
    "model": "admin.logentry"
},
{
    "pk": 156,
    "fields": {
        "object_id": "7",
        "action_flag": 3,
        "object_repr": "\u044f\u0447\u0441\u0430\u0444\u044b\u0432\u0430",
        "content_type": 15,
        "change_message": "",
        "user": 1,
        "action_time": "2017-02-02T11:53:09.238Z"
    },
    "model": "admin.logentry"
},
{
    "pk": 157,
    "fields": {
        "object_id": "6",
        "action_flag": 3,
        "object_repr": "\u0434\u0432\u0430-\u0441\u0435\u043c\u044c",
        "content_type": 15,
        "change_message": "",
        "user": 1,
        "action_time": "2017-02-02T11:53:09.240Z"
    },
    "model": "admin.logentry"
},
{
    "pk": 158,
    "fields": {
        "object_id": "5",
        "action_flag": 3,
        "object_repr": "\u043f\u0435\u0440-\u0434\u0435\u0432",
        "content_type": 15,
        "change_message": "",
        "user": 1,
        "action_time": "2017-02-02T11:53:09.242Z"
    },
    "model": "admin.logentry"
},
{
    "pk": 159,
    "fields": {
        "object_id": "4",
        "action_flag": 3,
        "object_repr": "8/9",
        "content_type": 15,
        "change_message": "",
        "user": 1,
        "action_time": "2017-02-02T11:53:09.256Z"
    },
    "model": "admin.logentry"
},
{
    "pk": 160,
    "fields": {
        "object_id": "3",
        "action_flag": 3,
        "object_repr": "\u041f\u044f-\u0428\u0435",
        "content_type": 15,
        "change_message": "",
        "user": 1,
        "action_time": "2017-02-02T11:53:09.260Z"
    },
    "model": "admin.logentry"
},
{
    "pk": 161,
    "fields": {
        "object_id": "2",
        "action_flag": 3,
        "object_repr": "\u0422\u0440\u0435-\u0427\u0435",
        "content_type": 15,
        "change_message": "",
        "user": 1,
        "action_time": "2017-02-02T11:53:09.261Z"
    },
    "model": "admin.logentry"
},
{
    "pk": 162,
    "fields": {
        "object_id": "1",
        "action_flag": 3,
        "object_repr": "\u041f\u0435\u0440\u0432\u0435\u043d\u0446\u043e\u0432\u043e - \u0412\u0442\u043e\u0440\u0446\u043e\u0432\u043e",
        "content_type": 15,
        "change_message": "",
        "user": 1,
        "action_time": "2017-02-02T11:53:09.264Z"
    },
    "model": "admin.logentry"
},
{
    "pk": 163,
    "fields": {
        "object_id": "11",
        "action_flag": 3,
        "object_repr": "\u0421\u0435\u043c\u044c\u0446\u043e\u0432\u043e",
        "content_type": 16,
        "change_message": "",
        "user": 1,
        "action_time": "2017-02-22T14:18:27.610Z"
    },
    "model": "admin.logentry"
},
{
    "pk": 164,
    "fields": {
        "object_id": "10",
        "action_flag": 3,
        "object_repr": "\u0414\u0435\u0432\u044f\u0442\u0435\u043d\u0446\u043e\u0432\u043e",
        "content_type": 16,
        "change_message": "",
        "user": 1,
        "action_time": "2017-02-22T14:18:27.620Z"
    },
    "model": "admin.logentry"
},
{
    "pk": 165,
    "fields": {
        "object_id": "9",
        "action_flag": 3,
        "object_repr": "\u0412\u043e\u0441\u044c\u043c\u0435\u043d\u0446\u043e\u0432\u043e",
        "content_type": 16,
        "change_message": "",
        "user": 1,
        "action_time": "2017-02-22T14:18:27.621Z"
    },
    "model": "admin.logentry"
},
{
    "pk": 166,
    "fields": {
        "object_id": "8",
        "action_flag": 3,
        "object_repr": "\u0428\u0435\u0441\u0442\u0435\u043d\u0446\u043e\u0432\u043e",
        "content_type": 16,
        "change_message": "",
        "user": 1,
        "action_time": "2017-02-22T14:18:27.623Z"
    },
    "model": "admin.logentry"
},
{
    "pk": 167,
    "fields": {
        "object_id": "7",
        "action_flag": 3,
        "object_repr": "\u041f\u044f\u0442\u0435\u043d\u0446\u043e\u0432\u043e",
        "content_type": 16,
        "change_message": "",
        "user": 1,
        "action_time": "2017-02-22T14:18:27.625Z"
    },
    "model": "admin.logentry"
},
{
    "pk": 168,
    "fields": {
        "object_id": "6",
        "action_flag": 3,
        "object_repr": "\u0427\u0435\u0442\u0432\u0435\u0442\u0435\u043d\u0446\u043e\u0432\u043e",
        "content_type": 16,
        "change_message": "",
        "user": 1,
        "action_time": "2017-02-22T14:18:27.627Z"
    },
    "model": "admin.logentry"
},
{
    "pk": 169,
    "fields": {
        "object_id": "5",
        "action_flag": 3,
        "object_repr": "\u0422\u0440\u0435\u0442\u0435\u043d\u0446\u043e\u0432\u043e",
        "content_type": 16,
        "change_message": "",
        "user": 1,
        "action_time": "2017-02-22T14:18:27.628Z"
    },
    "model": "admin.logentry"
},
{
    "pk": 170,
    "fields": {
        "object_id": "4",
        "action_flag": 3,
        "object_repr": "\u0412\u0442\u043e\u0440\u0446\u043e\u0432\u043e",
        "content_type": 16,
        "change_message": "",
        "user": 1,
        "action_time": "2017-02-22T14:18:27.631Z"
    },
    "model": "admin.logentry"
},
{
    "pk": 171,
    "fields": {
        "object_id": "3",
        "action_flag": 3,
        "object_repr": "\u041f\u0435\u0440\u0432\u0435\u043d\u0446\u043e\u0432\u043e",
        "content_type": 16,
        "change_message": "",
        "user": 1,
        "action_time": "2017-02-22T14:18:27.632Z"
    },
    "model": "admin.logentry"
},
{
    "pk": 172,
    "fields": {
        "object_id": "34",
        "action_flag": 3,
        "object_repr": "\u041a\u0430\u043d\u0430\u0434\u0430_\u0433\u043e\u0440_1",
        "content_type": 17,
        "change_message": "",
        "user": 1,
        "action_time": "2017-02-22T14:18:38.704Z"
    },
    "model": "admin.logentry"
},
{
    "pk": 173,
    "fields": {
        "object_id": "33",
        "action_flag": 3,
        "object_repr": "LA",
        "content_type": 17,
        "change_message": "",
        "user": 1,
        "action_time": "2017-02-22T14:18:38.710Z"
    },
    "model": "admin.logentry"
},
{
    "pk": 174,
    "fields": {
        "object_id": "32",
        "action_flag": 3,
        "object_repr": "NY",
        "content_type": 17,
        "change_message": "",
        "user": 1,
        "action_time": "2017-02-22T14:18:38.721Z"
    },
    "model": "admin.logentry"
},
{
    "pk": 175,
    "fields": {
        "object_id": "31",
        "action_flag": 3,
        "object_repr": "\u0411\u043e\u0441\u0442\u043e\u043d",
        "content_type": 17,
        "change_message": "",
        "user": 1,
        "action_time": "2017-02-22T14:18:38.723Z"
    },
    "model": "admin.logentry"
},
{
    "pk": 176,
    "fields": {
        "object_id": "30",
        "action_flag": 3,
        "object_repr": "\u0427\u0435\u0445\u0438\u044f_\u0433\u043e\u0440_4",
        "content_type": 17,
        "change_message": "",
        "user": 1,
        "action_time": "2017-02-22T14:18:38.725Z"
    },
    "model": "admin.logentry"
},
{
    "pk": 177,
    "fields": {
        "object_id": "29",
        "action_flag": 3,
        "object_repr": "\u0427\u0435\u0445\u0438\u044f_\u0433\u043e\u0440_3",
        "content_type": 17,
        "change_message": "",
        "user": 1,
        "action_time": "2017-02-22T14:18:38.727Z"
    },
    "model": "admin.logentry"
},
{
    "pk": 178,
    "fields": {
        "object_id": "28",
        "action_flag": 3,
        "object_repr": "\u0427\u0435\u0445\u0438\u044f_\u0433\u043e\u0440_2",
        "content_type": 17,
        "change_message": "",
        "user": 1,
        "action_time": "2017-02-22T14:18:38.728Z"
    },
    "model": "admin.logentry"
},
{
    "pk": 179,
    "fields": {
        "object_id": "27",
        "action_flag": 3,
        "object_repr": "\u0418\u043d\u0434\u0438\u044f_\u0433\u043e\u0440_2",
        "content_type": 17,
        "change_message": "",
        "user": 1,
        "action_time": "2017-02-22T14:18:38.731Z"
    },
    "model": "admin.logentry"
},
{
    "pk": 180,
    "fields": {
        "object_id": "26",
        "action_flag": 3,
        "object_repr": "\u0418\u043d\u0434\u0438\u044f_\u0433\u043e\u0440_1",
        "content_type": 17,
        "change_message": "",
        "user": 1,
        "action_time": "2017-02-22T14:18:38.732Z"
    },
    "model": "admin.logentry"
},
{
    "pk": 181,
    "fields": {
        "object_id": "25",
        "action_flag": 3,
        "object_repr": "\u0422\u0443\u043d\u0438\u0441_\u0433\u043e\u0440_3",
        "content_type": 17,
        "change_message": "",
        "user": 1,
        "action_time": "2017-02-22T14:18:38.734Z"
    },
    "model": "admin.logentry"
},
{
    "pk": 182,
    "fields": {
        "object_id": "24",
        "action_flag": 3,
        "object_repr": "\u0422\u0443\u043d\u0438\u0441_\u0433\u043e\u0440_2",
        "content_type": 17,
        "change_message": "",
        "user": 1,
        "action_time": "2017-02-22T14:18:38.735Z"
    },
    "model": "admin.logentry"
},
{
    "pk": 183,
    "fields": {
        "object_id": "23",
        "action_flag": 3,
        "object_repr": "\u0422\u0443\u043d\u0438\u0441_\u0433\u043e\u0440_1",
        "content_type": 17,
        "change_message": "",
        "user": 1,
        "action_time": "2017-02-22T14:18:38.737Z"
    },
    "model": "admin.logentry"
},
{
    "pk": 184,
    "fields": {
        "object_id": "22",
        "action_flag": 3,
        "object_repr": "\u041a\u0438\u043f\u0440\u043e\u0433\u043e\u0440\u043e\u0434",
        "content_type": 17,
        "change_message": "",
        "user": 1,
        "action_time": "2017-02-22T14:18:38.741Z"
    },
    "model": "admin.logentry"
},
{
    "pk": 185,
    "fields": {
        "object_id": "21",
        "action_flag": 3,
        "object_repr": "\u0422\u0430\u0439_\u0433\u043e\u0440_3",
        "content_type": 17,
        "change_message": "",
        "user": 1,
        "action_time": "2017-02-22T14:18:38.743Z"
    },
    "model": "admin.logentry"
},
{
    "pk": 186,
    "fields": {
        "object_id": "20",
        "action_flag": 3,
        "object_repr": "\u0422\u0430\u0439_\u0433\u043e\u0440_2",
        "content_type": 17,
        "change_message": "",
        "user": 1,
        "action_time": "2017-02-22T14:18:38.745Z"
    },
    "model": "admin.logentry"
},
{
    "pk": 187,
    "fields": {
        "object_id": "19",
        "action_flag": 3,
        "object_repr": "\u0422\u0430\u0439_\u0433\u043e\u0440_1",
        "content_type": 17,
        "change_message": "",
        "user": 1,
        "action_time": "2017-02-22T14:18:38.747Z"
    },
    "model": "admin.logentry"
},
{
    "pk": 188,
    "fields": {
        "object_id": "18",
        "action_flag": 3,
        "object_repr": "\u041c\u0430\u043b\u0430\u0437\u0438\u044f_\u0433\u043e\u0440_3",
        "content_type": 17,
        "change_message": "",
        "user": 1,
        "action_time": "2017-02-22T14:18:38.750Z"
    },
    "model": "admin.logentry"
},
{
    "pk": 189,
    "fields": {
        "object_id": "17",
        "action_flag": 3,
        "object_repr": "\u041c\u0430\u043b\u0430\u0437\u0438\u044f_\u0433\u043e\u0440_2",
        "content_type": 17,
        "change_message": "",
        "user": 1,
        "action_time": "2017-02-22T14:18:38.752Z"
    },
    "model": "admin.logentry"
},
{
    "pk": 190,
    "fields": {
        "object_id": "16",
        "action_flag": 3,
        "object_repr": "\u041c\u0430\u043b\u0430\u0437\u0438\u044f_\u0433\u043e\u0440_1",
        "content_type": 17,
        "change_message": "",
        "user": 1,
        "action_time": "2017-02-22T14:18:38.757Z"
    },
    "model": "admin.logentry"
},
{
    "pk": 191,
    "fields": {
        "object_id": "15",
        "action_flag": 3,
        "object_repr": "\u0412\u044c\u0435\u0442\u043d\u0430\u043c_\u0433\u043e\u0440_2",
        "content_type": 17,
        "change_message": "",
        "user": 1,
        "action_time": "2017-02-22T14:18:38.759Z"
    },
    "model": "admin.logentry"
},
{
    "pk": 192,
    "fields": {
        "object_id": "14",
        "action_flag": 3,
        "object_repr": "\u0412\u044c\u0435\u0442\u043d\u0430\u043c_\u0433\u043e\u0440_1",
        "content_type": 17,
        "change_message": "",
        "user": 1,
        "action_time": "2017-02-22T14:18:38.761Z"
    },
    "model": "admin.logentry"
},
{
    "pk": 193,
    "fields": {
        "object_id": "13",
        "action_flag": 3,
        "object_repr": "\u041d\u044f\u0447\u0430\u043d\u0433",
        "content_type": 17,
        "change_message": "",
        "user": 1,
        "action_time": "2017-02-22T14:18:38.764Z"
    },
    "model": "admin.logentry"
},
{
    "pk": 194,
    "fields": {
        "object_id": "12",
        "action_flag": 3,
        "object_repr": "\u0425\u0430\u0448\u0438\u043c\u0438\u043d",
        "content_type": 17,
        "change_message": "",
        "user": 1,
        "action_time": "2017-02-22T14:18:38.765Z"
    },
    "model": "admin.logentry"
},
{
    "pk": 195,
    "fields": {
        "object_id": "11",
        "action_flag": 3,
        "object_repr": "\u0428\u0432\u0435\u0446_\u0433\u043e\u0440_2",
        "content_type": 17,
        "change_message": "",
        "user": 1,
        "action_time": "2017-02-22T14:18:38.768Z"
    },
    "model": "admin.logentry"
},
{
    "pk": 196,
    "fields": {
        "object_id": "10",
        "action_flag": 3,
        "object_repr": "\u0428\u0432\u0435\u0446_\u0433\u043e\u0440_2",
        "content_type": 17,
        "change_message": "",
        "user": 1,
        "action_time": "2017-02-22T14:18:38.770Z"
    },
    "model": "admin.logentry"
},
{
    "pk": 197,
    "fields": {
        "object_id": "9",
        "action_flag": 3,
        "object_repr": "\u0428\u0432\u0435\u0446_\u0433\u043e\u0440_1",
        "content_type": 17,
        "change_message": "",
        "user": 1,
        "action_time": "2017-02-22T14:18:38.772Z"
    },
    "model": "admin.logentry"
},
{
    "pk": 198,
    "fields": {
        "object_id": "8",
        "action_flag": 3,
        "object_repr": "\u041a\u0438\u0442_\u0433\u043e\u0440_3",
        "content_type": 17,
        "change_message": "",
        "user": 1,
        "action_time": "2017-02-22T14:18:38.775Z"
    },
    "model": "admin.logentry"
},
{
    "pk": 199,
    "fields": {
        "object_id": "7",
        "action_flag": 3,
        "object_repr": "\u041a\u0438\u0442_\u0433\u043e\u0440_2",
        "content_type": 17,
        "change_message": "",
        "user": 1,
        "action_time": "2017-02-22T14:18:38.777Z"
    },
    "model": "admin.logentry"
},
{
    "pk": 200,
    "fields": {
        "object_id": "6",
        "action_flag": 3,
        "object_repr": "\u041a\u0438\u0442_\u0433\u043e\u0440_1",
        "content_type": 17,
        "change_message": "",
        "user": 1,
        "action_time": "2017-02-22T14:18:38.780Z"
    },
    "model": "admin.logentry"
},
{
    "pk": 201,
    "fields": {
        "object_id": "5",
        "action_flag": 3,
        "object_repr": "\u0428\u0430\u043e\u043b\u0438\u043d\u044c",
        "content_type": 17,
        "change_message": "",
        "user": 1,
        "action_time": "2017-02-22T14:18:38.781Z"
    },
    "model": "admin.logentry"
},
{
    "pk": 202,
    "fields": {
        "object_id": "4",
        "action_flag": 3,
        "object_repr": "\u041f\u0438\u0442\u0435\u0440",
        "content_type": 17,
        "change_message": "",
        "user": 1,
        "action_time": "2017-02-22T14:18:38.784Z"
    },
    "model": "admin.logentry"
},
{
    "pk": 203,
    "fields": {
        "object_id": "3",
        "action_flag": 3,
        "object_repr": "\u0415\u041a\u0411",
        "content_type": 17,
        "change_message": "",
        "user": 1,
        "action_time": "2017-02-22T14:18:38.786Z"
    },
    "model": "admin.logentry"
},
{
    "pk": 204,
    "fields": {
        "object_id": "2",
        "action_flag": 3,
        "object_repr": "\u041c\u0410\u0441\u043a\u0432\u0430",
        "content_type": 17,
        "change_message": "",
        "user": 1,
        "action_time": "2017-02-22T14:18:38.788Z"
    },
    "model": "admin.logentry"
},
{
    "pk": 205,
    "fields": {
        "object_id": "13",
        "action_flag": 3,
        "object_repr": "\u041a\u0430\u043d\u0430\u0434\u0430",
        "content_type": 18,
        "change_message": "",
        "user": 1,
        "action_time": "2017-02-22T14:19:00.084Z"
    },
    "model": "admin.logentry"
},
{
    "pk": 206,
    "fields": {
        "object_id": "12",
        "action_flag": 3,
        "object_repr": "\u0421\u0428\u0410",
        "content_type": 18,
        "change_message": "",
        "user": 1,
        "action_time": "2017-02-22T14:19:00.086Z"
    },
    "model": "admin.logentry"
},
{
    "pk": 207,
    "fields": {
        "object_id": "11",
        "action_flag": 3,
        "object_repr": "\u0427\u0435\u0445\u0438\u044f",
        "content_type": 18,
        "change_message": "",
        "user": 1,
        "action_time": "2017-02-22T14:19:00.088Z"
    },
    "model": "admin.logentry"
},
{
    "pk": 208,
    "fields": {
        "object_id": "10",
        "action_flag": 3,
        "object_repr": "\u0418\u043d\u0434\u0438\u044f",
        "content_type": 18,
        "change_message": "",
        "user": 1,
        "action_time": "2017-02-22T14:19:00.089Z"
    },
    "model": "admin.logentry"
},
{
    "pk": 209,
    "fields": {
        "object_id": "9",
        "action_flag": 3,
        "object_repr": "\u0422\u0443\u043d\u0438\u0441",
        "content_type": 18,
        "change_message": "",
        "user": 1,
        "action_time": "2017-02-22T14:19:00.091Z"
    },
    "model": "admin.logentry"
},
{
    "pk": 210,
    "fields": {
        "object_id": "8",
        "action_flag": 3,
        "object_repr": "\u041a\u0438\u043f\u0440",
        "content_type": 18,
        "change_message": "",
        "user": 1,
        "action_time": "2017-02-22T14:19:00.092Z"
    },
    "model": "admin.logentry"
},
{
    "pk": 211,
    "fields": {
        "object_id": "7",
        "action_flag": 3,
        "object_repr": "\u0422\u0430\u0439\u043b\u0430\u043d\u0434",
        "content_type": 18,
        "change_message": "",
        "user": 1,
        "action_time": "2017-02-22T14:19:00.095Z"
    },
    "model": "admin.logentry"
},
{
    "pk": 212,
    "fields": {
        "object_id": "6",
        "action_flag": 3,
        "object_repr": "\u041c\u0430\u043b\u0430\u0437\u0438\u044f",
        "content_type": 18,
        "change_message": "",
        "user": 1,
        "action_time": "2017-02-22T14:19:00.096Z"
    },
    "model": "admin.logentry"
},
{
    "pk": 213,
    "fields": {
        "object_id": "5",
        "action_flag": 3,
        "object_repr": "\u0412\u044c\u0435\u0442\u043d\u0430\u043c",
        "content_type": 18,
        "change_message": "",
        "user": 1,
        "action_time": "2017-02-22T14:19:00.098Z"
    },
    "model": "admin.logentry"
},
{
    "pk": 214,
    "fields": {
        "object_id": "4",
        "action_flag": 3,
        "object_repr": "\u0428\u0432\u0435\u0446\u0438\u044f",
        "content_type": 18,
        "change_message": "",
        "user": 1,
        "action_time": "2017-02-22T14:19:00.100Z"
    },
    "model": "admin.logentry"
},
{
    "pk": 215,
    "fields": {
        "object_id": "3",
        "action_flag": 3,
        "object_repr": "\u041a\u0438\u0442\u0430\u0439",
        "content_type": 18,
        "change_message": "",
        "user": 1,
        "action_time": "2017-02-22T14:19:00.101Z"
    },
    "model": "admin.logentry"
},
{
    "pk": 216,
    "fields": {
        "object_id": "2",
        "action_flag": 3,
        "object_repr": "\u0420\u043e\u0441\u0441\u0438\u044f",
        "content_type": 18,
        "change_message": "",
        "user": 1,
        "action_time": "2017-02-22T14:19:00.104Z"
    },
    "model": "admin.logentry"
},
{
    "pk": 217,
    "fields": {
        "object_id": "14",
        "action_flag": 1,
        "object_repr": "\u0420\u043e\u0441\u0441\u0438\u044f",
        "content_type": 18,
        "change_message": "",
        "user": 1,
        "action_time": "2017-02-22T14:22:15.724Z"
    },
    "model": "admin.logentry"
},
{
    "pk": 218,
    "fields": {
        "object_id": "35",
        "action_flag": 1,
        "object_repr": "\u041c\u043e\u0441\u043a\u0432\u0430",
        "content_type": 17,
        "change_message": "",
        "user": 1,
        "action_time": "2017-02-22T14:22:22.670Z"
    },
    "model": "admin.logentry"
},
{
    "pk": 219,
    "fields": {
        "object_id": "12",
        "action_flag": 1,
        "object_repr": "\u0428\u0435\u0440\u0435\u043c\u0435\u0442\u044c\u0435\u0432\u043e",
        "content_type": 16,
        "change_message": "",
        "user": 1,
        "action_time": "2017-02-22T14:33:26.311Z"
    },
    "model": "admin.logentry"
},
{
    "pk": 220,
    "fields": {
        "object_id": "12",
        "action_flag": 2,
        "object_repr": "\u0428\u0435\u0440\u0435\u043c\u0435\u0442\u044c\u0435\u0432\u043e",
        "content_type": 16,
        "change_message": "No fields changed.",
        "user": 1,
        "action_time": "2017-02-22T14:33:34.327Z"
    },
    "model": "admin.logentry"
},
{
    "pk": 221,
    "fields": {
        "object_id": "13",
        "action_flag": 1,
        "object_repr": "\u0414\u043e\u043c\u043e\u0434\u0435\u0434\u043e\u0432\u043e",
        "content_type": 16,
        "change_message": "",
        "user": 1,
        "action_time": "2017-02-22T14:34:22.813Z"
    },
    "model": "admin.logentry"
},
{
    "pk": 222,
    "fields": {
        "object_id": "14",
        "action_flag": 1,
        "object_repr": "\u0412\u043d\u0443\u043a\u043e\u0432\u043e",
        "content_type": 16,
        "change_message": "",
        "user": 1,
        "action_time": "2017-02-22T14:34:33.335Z"
    },
    "model": "admin.logentry"
},
{
    "pk": 223,
    "fields": {
        "object_id": "36",
        "action_flag": 1,
        "object_repr": "\u0421\u0430\u043d\u043a\u0442-\u041f\u0435\u0442\u0435\u0440\u0431\u0443\u0440\u0433",
        "content_type": 17,
        "change_message": "",
        "user": 1,
        "action_time": "2017-02-22T14:35:18.685Z"
    },
    "model": "admin.logentry"
},
{
    "pk": 224,
    "fields": {
        "object_id": "15",
        "action_flag": 1,
        "object_repr": "\u041f\u0443\u043b\u043a\u043e\u0432\u043e",
        "content_type": 16,
        "change_message": "",
        "user": 1,
        "action_time": "2017-02-22T14:35:30.661Z"
    },
    "model": "admin.logentry"
},
{
    "pk": 225,
    "fields": {
        "object_id": "37",
        "action_flag": 1,
        "object_repr": "\u0410\u0440\u0445\u0430\u043d\u0433\u0435\u043b\u044c\u0441\u043a",
        "content_type": 17,
        "change_message": "",
        "user": 1,
        "action_time": "2017-02-22T14:36:32.631Z"
    },
    "model": "admin.logentry"
},
{
    "pk": 226,
    "fields": {
        "object_id": "16",
        "action_flag": 1,
        "object_repr": "\u0412\u0430\u0441\u044c\u043a\u043e\u0432\u043e",
        "content_type": 16,
        "change_message": "",
        "user": 1,
        "action_time": "2017-02-22T14:36:38.589Z"
    },
    "model": "admin.logentry"
},
{
    "pk": 227,
    "fields": {
        "object_id": "17",
        "action_flag": 1,
        "object_repr": "\u0422\u0430\u043b\u0430\u0433\u0438",
        "content_type": 16,
        "change_message": "",
        "user": 1,
        "action_time": "2017-02-22T14:36:46.430Z"
    },
    "model": "admin.logentry"
},
{
    "pk": 228,
    "fields": {
        "object_id": "38",
        "action_flag": 1,
        "object_repr": "\u0415\u043a\u0430\u0442\u0435\u0440\u0438\u043d\u0431\u0443\u0440\u0433",
        "content_type": 17,
        "change_message": "",
        "user": 1,
        "action_time": "2017-02-22T14:37:15.322Z"
    },
    "model": "admin.logentry"
},
{
    "pk": 229,
    "fields": {
        "object_id": "18",
        "action_flag": 1,
        "object_repr": "\u041a\u043e\u043b\u044c\u0446\u043e\u0432\u043e",
        "content_type": 16,
        "change_message": "",
        "user": 1,
        "action_time": "2017-02-22T14:37:20.679Z"
    },
    "model": "admin.logentry"
},
{
    "pk": 230,
    "fields": {
        "object_id": "19",
        "action_flag": 1,
        "object_repr": "\u0423\u043a\u0442\u0443\u0441",
        "content_type": 16,
        "change_message": "",
        "user": 1,
        "action_time": "2017-02-22T14:37:27.709Z"
    },
    "model": "admin.logentry"
},
{
    "pk": 231,
    "fields": {
        "object_id": "19",
        "action_flag": 2,
        "object_repr": "\u0423\u043a\u0442\u0443\u0441",
        "content_type": 16,
        "change_message": "Changed international.",
        "user": 1,
        "action_time": "2017-02-22T14:37:32.668Z"
    },
    "model": "admin.logentry"
},
{
    "pk": 232,
    "fields": {
        "object_id": "15",
        "action_flag": 1,
        "object_repr": "\u041e\u0410\u042d",
        "content_type": 18,
        "change_message": "",
        "user": 1,
        "action_time": "2017-02-22T14:38:06.506Z"
    },
    "model": "admin.logentry"
},
{
    "pk": 233,
    "fields": {
        "object_id": "39",
        "action_flag": 1,
        "object_repr": "\u0410\u0431\u0443-\u0414\u0430\u0431\u0438",
        "content_type": 17,
        "change_message": "",
        "user": 1,
        "action_time": "2017-02-22T14:38:12.306Z"
    },
    "model": "admin.logentry"
},
{
    "pk": 234,
    "fields": {
        "object_id": "20",
        "action_flag": 1,
        "object_repr": "\u0410\u0431\u0443-\u0414\u0430\u0431\u0438",
        "content_type": 16,
        "change_message": "",
        "user": 1,
        "action_time": "2017-02-22T14:38:27.463Z"
    },
    "model": "admin.logentry"
},
{
    "pk": 235,
    "fields": {
        "object_id": "21",
        "action_flag": 1,
        "object_repr": "\u0410\u043b\u044c-\u0411\u0430\u0442\u0438\u043d",
        "content_type": 16,
        "change_message": "",
        "user": 1,
        "action_time": "2017-02-22T14:38:39.143Z"
    },
    "model": "admin.logentry"
},
{
    "pk": 236,
    "fields": {
        "object_id": "22",
        "action_flag": 1,
        "object_repr": "\u042f\u0441-\u0410\u043b\u0435\u043d\u0434",
        "content_type": 16,
        "change_message": "",
        "user": 1,
        "action_time": "2017-02-22T14:38:49.844Z"
    },
    "model": "admin.logentry"
},
{
    "pk": 237,
    "fields": {
        "object_id": "23",
        "action_flag": 1,
        "object_repr": "\u0410\u043b\u044c-\u0414\u0445\u0430\u0444\u0440",
        "content_type": 16,
        "change_message": "",
        "user": 1,
        "action_time": "2017-02-22T14:38:57.811Z"
    },
    "model": "admin.logentry"
},
{
    "pk": 238,
    "fields": {
        "object_id": "40",
        "action_flag": 1,
        "object_repr": "\u0414\u0443\u0431\u0430\u0439",
        "content_type": 17,
        "change_message": "",
        "user": 1,
        "action_time": "2017-02-22T14:39:14.755Z"
    },
    "model": "admin.logentry"
},
{
    "pk": 239,
    "fields": {
        "object_id": "24",
        "action_flag": 1,
        "object_repr": "\u0414\u0443\u0431\u0430\u0439",
        "content_type": 16,
        "change_message": "",
        "user": 1,
        "action_time": "2017-02-22T14:39:24.166Z"
    },
    "model": "admin.logentry"
},
{
    "pk": 240,
    "fields": {
        "object_id": "25",
        "action_flag": 1,
        "object_repr": "\u0414\u0443\u0431\u0430\u0439-\u041a\u0440\u0438\u043a",
        "content_type": 16,
        "change_message": "",
        "user": 1,
        "action_time": "2017-02-22T14:39:35.281Z"
    },
    "model": "admin.logentry"
},
{
    "pk": 241,
    "fields": {
        "object_id": "26",
        "action_flag": 1,
        "object_repr": "\u0410\u043b\u044c-\u041c\u0430\u043a\u0442\u0443\u043c",
        "content_type": 16,
        "change_message": "",
        "user": 1,
        "action_time": "2017-02-22T14:39:49.227Z"
    },
    "model": "admin.logentry"
},
{
    "pk": 242,
    "fields": {
        "object_id": "27",
        "action_flag": 1,
        "object_repr": "\u0414\u0436\u0435\u0431\u0435\u043b\u044c-\u0410\u043b\u0438",
        "content_type": 16,
        "change_message": "",
        "user": 1,
        "action_time": "2017-02-22T14:39:56.566Z"
    },
    "model": "admin.logentry"
},
{
    "pk": 243,
    "fields": {
        "object_id": "16",
        "action_flag": 1,
        "object_repr": "\u0421\u0428\u0410",
        "content_type": 18,
        "change_message": "",
        "user": 1,
        "action_time": "2017-02-22T14:41:15.129Z"
    },
    "model": "admin.logentry"
},
{
    "pk": 244,
    "fields": {
        "object_id": "41",
        "action_flag": 1,
        "object_repr": "\u0410\u0442\u043b\u0430\u043d\u0442\u0430",
        "content_type": 17,
        "change_message": "",
        "user": 1,
        "action_time": "2017-02-22T14:41:23.907Z"
    },
    "model": "admin.logentry"
},
{
    "pk": 245,
    "fields": {
        "object_id": "28",
        "action_flag": 1,
        "object_repr": "\u0425\u0430\u0440\u0442\u0441\u0444\u0438\u043b\u0434-\u0414\u0436\u0435\u043a\u0441\u043e\u043d",
        "content_type": 16,
        "change_message": "",
        "user": 1,
        "action_time": "2017-02-22T14:41:31.980Z"
    },
    "model": "admin.logentry"
},
{
    "pk": 246,
    "fields": {
        "object_id": "29",
        "action_flag": 1,
        "object_repr": "\u0414\u0435\u041a\u0430\u043b\u0431-\u041f\u0438\u0447\u0442\u0440\u0438",
        "content_type": 16,
        "change_message": "",
        "user": 1,
        "action_time": "2017-02-22T14:41:43.872Z"
    },
    "model": "admin.logentry"
},
{
    "pk": 247,
    "fields": {
        "object_id": "30",
        "action_flag": 1,
        "object_repr": "\u0424\u0443\u043b\u0442\u043e\u043d \u041a\u0430\u0443\u043d\u0442\u0438",
        "content_type": 16,
        "change_message": "",
        "user": 1,
        "action_time": "2017-02-22T14:41:52.768Z"
    },
    "model": "admin.logentry"
},
{
    "pk": 248,
    "fields": {
        "object_id": "42",
        "action_flag": 1,
        "object_repr": "\u0411\u043e\u0441\u0442\u043e\u043d",
        "content_type": 17,
        "change_message": "",
        "user": 1,
        "action_time": "2017-02-22T14:42:40.804Z"
    },
    "model": "admin.logentry"
},
{
    "pk": 249,
    "fields": {
        "object_id": "31",
        "action_flag": 1,
        "object_repr": "\u041b\u043e\u0433\u0430\u043d",
        "content_type": 16,
        "change_message": "",
        "user": 1,
        "action_time": "2017-02-22T14:42:51.611Z"
    },
    "model": "admin.logentry"
}
]
